Copyright 1986-2022 Xilinx, Inc. All Rights Reserved. Copyright 2022-2026 Advanced Micro Devices, Inc. All Rights Reserved.
---------------------------------------------------------------------------------------------------------------------------------------------------------------------------------------------------------------------
| Tool Version : Vivado v.2026.1 (lin64) Build 6511674 Tue Jun 16 11:01:26 MDT 2026
| Date         : Wed Sep  9 18:05:32 2026
| Host         : gus-MAX-L5 running 64-bit Linux Mint 22.3
| Command      : report_timing_summary -max_paths 10 -routable_nets -report_unconstrained -file ALU_timing_summary_routed.rpt -pb ALU_timing_summary_routed.pb -rpx ALU_timing_summary_routed.rpx -warn_on_violation
| Design       : ALU
| Device       : 7a35ti-cpg236
| Speed File   : -1L  PRODUCTION 1.23 2018-06-13
| Design State : Routed
---------------------------------------------------------------------------------------------------------------------------------------------------------------------------------------------------------------------

Timing Summary Report

------------------------------------------------------------------------------------------------
| Timer Settings
| --------------
------------------------------------------------------------------------------------------------

  Enable Multi Corner Analysis               :  Yes
  Enable Pessimism Removal                   :  Yes
  Pessimism Removal Resolution               :  Nearest Common Node
  Enable Input Delay Default Clock           :  No
  Enable Preset / Clear Arcs                 :  No
  Disable Flight Delays                      :  No
  Ignore I/O Paths                           :  No
  Timing Early Launch at Borrowing Latches   :  No
  Borrow Time for Max Delay Exceptions       :  Yes
  Merge Timing Exceptions                    :  Yes
  Inter-SLR Compensation                     :  Conservative

  Corner  Analyze    Analyze    
  Name    Max Paths  Min Paths  
  ------  ---------  ---------  
  Slow    Yes        Yes        
  Fast    Yes        Yes        


------------------------------------------------------------------------------------------------
| Report Methodology
| ------------------
------------------------------------------------------------------------------------------------

Rule       Severity  Description                    Violations  
---------  --------  -----------------------------  ----------  
TIMING-18  Warning   Missing input or output delay  23          

Note: This report is based on the most recent report_methodology run and may not be up-to-date. Run report_methodology on the current design for the latest report.



check_timing report

Table of Contents
-----------------
1. checking no_clock (0)
2. checking constant_clock (0)
3. checking pulse_width_clock (0)
4. checking unconstrained_internal_endpoints (0)
5. checking no_input_delay (12)
6. checking no_output_delay (11)
7. checking multiple_clock (0)
8. checking generated_clocks (0)
9. checking loops (0)
10. checking partial_input_delay (0)
11. checking partial_output_delay (0)
12. checking latch_loops (0)

1. checking no_clock (0)
------------------------
 There are 0 register/latch pins with no clock.


2. checking constant_clock (0)
------------------------------
 There are 0 register/latch pins with constant_clock.


3. checking pulse_width_clock (0)
---------------------------------
 There are 0 register/latch pins which need pulse_width check


4. checking unconstrained_internal_endpoints (0)
------------------------------------------------
 There are 0 pins that are not constrained for maximum delay.

 There are 0 pins that are not constrained for maximum delay due to constant clock.


5. checking no_input_delay (12)
-------------------------------
 There are 12 input ports with no input delay specified. (HIGH)

 There are 0 input ports with no input delay but user has a false path constraint.


6. checking no_output_delay (11)
--------------------------------
 There are 11 ports with no output delay specified. (HIGH)

 There are 0 ports with no output delay but user has a false path constraint

 There are 0 ports with no output delay but with a timing clock defined on it or propagating through it


7. checking multiple_clock (0)
------------------------------
 There are 0 register/latch pins with multiple clocks.


8. checking generated_clocks (0)
--------------------------------
 There are 0 generated clocks that are not connected to a clock source.


9. checking loops (0)
---------------------
 There are 0 combinational loops in the design.


10. checking partial_input_delay (0)
------------------------------------
 There are 0 input ports with partial input delay specified.


11. checking partial_output_delay (0)
-------------------------------------
 There are 0 ports with partial output delay specified.


12. checking latch_loops (0)
----------------------------
 There are 0 combinational latch loops in the design through latch input



------------------------------------------------------------------------------------------------
| Design Timing Summary
| ---------------------
------------------------------------------------------------------------------------------------

    WNS(ns)      TNS(ns)  TNS Failing Endpoints  TNS Total Endpoints      WHS(ns)      THS(ns)  THS Failing Endpoints  THS Total Endpoints     WPWS(ns)     TPWS(ns)  TPWS Failing Endpoints  TPWS Total Endpoints  
    -------      -------  ---------------------  -------------------      -------      -------  ---------------------  -------------------     --------     --------  ----------------------  --------------------  
        inf        0.000                      0                   77          inf        0.000                      0                   77        4.500        0.000                       0                    23  


All user specified timing constraints are met.


------------------------------------------------------------------------------------------------
| Clock Summary
| -------------
------------------------------------------------------------------------------------------------

Clock        Waveform(ns)       Period(ns)      Frequency(MHz)
-----        ------------       ----------      --------------
sys_clk_pin  {0.000 5.000}      10.000          100.000         


------------------------------------------------------------------------------------------------
| Intra Clock Table
| -----------------
------------------------------------------------------------------------------------------------

Clock             WNS(ns)      TNS(ns)  TNS Failing Endpoints  TNS Total Endpoints      WHS(ns)      THS(ns)  THS Failing Endpoints  THS Total Endpoints     WPWS(ns)     TPWS(ns)  TPWS Failing Endpoints  TPWS Total Endpoints  
-----             -------      -------  ---------------------  -------------------      -------      -------  ---------------------  -------------------     --------     --------  ----------------------  --------------------  
sys_clk_pin                                                                                                                                                     4.500        0.000                       0                    23  


------------------------------------------------------------------------------------------------
| Inter Clock Table
| -----------------
------------------------------------------------------------------------------------------------

From Clock    To Clock          WNS(ns)      TNS(ns)  TNS Failing Endpoints  TNS Total Endpoints      WHS(ns)      THS(ns)  THS Failing Endpoints  THS Total Endpoints  
----------    --------          -------      -------  ---------------------  -------------------      -------      -------  ---------------------  -------------------  


------------------------------------------------------------------------------------------------
| Other Path Groups Table
| -----------------------
------------------------------------------------------------------------------------------------

Path Group    From Clock    To Clock          WNS(ns)      TNS(ns)  TNS Failing Endpoints  TNS Total Endpoints      WHS(ns)      THS(ns)  THS Failing Endpoints  THS Total Endpoints  
----------    ----------    --------          -------      -------  ---------------------  -------------------      -------      -------  ---------------------  -------------------  


------------------------------------------------------------------------------------------------
| User Ignored Path Table
| -----------------------
------------------------------------------------------------------------------------------------

Path Group    From Clock    To Clock    
----------    ----------    --------    


------------------------------------------------------------------------------------------------
| Unconstrained Path Table
| ------------------------
------------------------------------------------------------------------------------------------

Path Group    From Clock    To Clock    
----------    ----------    --------    
(none)        sys_clk_pin                 
(none)                      sys_clk_pin   


------------------------------------------------------------------------------------------------
| Timing Details
| --------------
------------------------------------------------------------------------------------------------


---------------------------------------------------------------------------------------------------
From Clock:  sys_clk_pin
  To Clock:  sys_clk_pin

Setup :           NA  Failing Endpoints,  Worst Slack           NA  ,  Total Violation           NA
Hold  :           NA  Failing Endpoints,  Worst Slack           NA  ,  Total Violation           NA
PW    :            0  Failing Endpoints,  Worst Slack        4.500ns,  Total Violation        0.000ns
---------------------------------------------------------------------------------------------------


Pulse Width Checks
--------------------------------------------------------------------------------------
Clock Name:         sys_clk_pin
Waveform(ns):       { 0.000 5.000 }
Period(ns):         10.000
Sources:            { i_clk }

Check Type        Corner  Lib Pin  Reference Pin  Required(ns)  Actual(ns)  Slack(ns)  Location       Pin
Min Period        n/a     BUFG/I   n/a            2.155         10.000      7.845      BUFGCTRL_X0Y0  i_clk_IBUF_BUFG_inst/I
Min Period        n/a     FDRE/C   n/a            1.000         10.000      9.000      SLICE_X2Y11    dato_A_reg[0]/C
Min Period        n/a     FDRE/C   n/a            1.000         10.000      9.000      SLICE_X2Y10    dato_A_reg[1]/C
Min Period        n/a     FDRE/C   n/a            1.000         10.000      9.000      SLICE_X2Y11    dato_A_reg[2]/C
Min Period        n/a     FDRE/C   n/a            1.000         10.000      9.000      SLICE_X2Y11    dato_A_reg[3]/C
Min Period        n/a     FDRE/C   n/a            1.000         10.000      9.000      SLICE_X2Y13    dato_A_reg[4]/C
Min Period        n/a     FDRE/C   n/a            1.000         10.000      9.000      SLICE_X2Y13    dato_A_reg[5]/C
Min Period        n/a     FDRE/C   n/a            1.000         10.000      9.000      SLICE_X2Y11    dato_A_reg[6]/C
Min Period        n/a     FDRE/C   n/a            1.000         10.000      9.000      SLICE_X2Y13    dato_A_reg[7]/C
Min Period        n/a     FDRE/C   n/a            1.000         10.000      9.000      SLICE_X1Y11    dato_B_reg[0]/C
Low Pulse Width   Slow    FDRE/C   n/a            0.500         5.000       4.500      SLICE_X2Y11    dato_A_reg[0]/C
Low Pulse Width   Fast    FDRE/C   n/a            0.500         5.000       4.500      SLICE_X2Y11    dato_A_reg[0]/C
Low Pulse Width   Slow    FDRE/C   n/a            0.500         5.000       4.500      SLICE_X2Y10    dato_A_reg[1]/C
Low Pulse Width   Fast    FDRE/C   n/a            0.500         5.000       4.500      SLICE_X2Y10    dato_A_reg[1]/C
Low Pulse Width   Slow    FDRE/C   n/a            0.500         5.000       4.500      SLICE_X2Y11    dato_A_reg[2]/C
Low Pulse Width   Fast    FDRE/C   n/a            0.500         5.000       4.500      SLICE_X2Y11    dato_A_reg[2]/C
Low Pulse Width   Slow    FDRE/C   n/a            0.500         5.000       4.500      SLICE_X2Y11    dato_A_reg[3]/C
Low Pulse Width   Fast    FDRE/C   n/a            0.500         5.000       4.500      SLICE_X2Y11    dato_A_reg[3]/C
Low Pulse Width   Slow    FDRE/C   n/a            0.500         5.000       4.500      SLICE_X2Y13    dato_A_reg[4]/C
Low Pulse Width   Fast    FDRE/C   n/a            0.500         5.000       4.500      SLICE_X2Y13    dato_A_reg[4]/C
High Pulse Width  Slow    FDRE/C   n/a            0.500         5.000       4.500      SLICE_X2Y11    dato_A_reg[0]/C
High Pulse Width  Fast    FDRE/C   n/a            0.500         5.000       4.500      SLICE_X2Y11    dato_A_reg[0]/C
High Pulse Width  Slow    FDRE/C   n/a            0.500         5.000       4.500      SLICE_X2Y10    dato_A_reg[1]/C
High Pulse Width  Fast    FDRE/C   n/a            0.500         5.000       4.500      SLICE_X2Y10    dato_A_reg[1]/C
High Pulse Width  Slow    FDRE/C   n/a            0.500         5.000       4.500      SLICE_X2Y11    dato_A_reg[2]/C
High Pulse Width  Fast    FDRE/C   n/a            0.500         5.000       4.500      SLICE_X2Y11    dato_A_reg[2]/C
High Pulse Width  Slow    FDRE/C   n/a            0.500         5.000       4.500      SLICE_X2Y11    dato_A_reg[3]/C
High Pulse Width  Fast    FDRE/C   n/a            0.500         5.000       4.500      SLICE_X2Y11    dato_A_reg[3]/C
High Pulse Width  Slow    FDRE/C   n/a            0.500         5.000       4.500      SLICE_X2Y13    dato_A_reg[4]/C
High Pulse Width  Fast    FDRE/C   n/a            0.500         5.000       4.500      SLICE_X2Y13    dato_A_reg[4]/C



--------------------------------------------------------------------------------------
Path Group:  (none)
From Clock:  sys_clk_pin
  To Clock:  

Max Delay            11 Endpoints
Min Delay            11 Endpoints
--------------------------------------------------------------------------------------


Max Delay Paths
--------------------------------------------------------------------------------------
Slack:                    inf
  Source:                 dato_B_reg[1]/C
                            (rising edge-triggered cell FDRE clocked by sys_clk_pin  {rise@0.000ns fall@5.000ns period=10.000ns})
  Destination:            o_zero
                            (output port)
  Path Group:             (none)
  Path Type:              Max at Slow Process Corner
  Data Path Delay:        15.497ns  (logic 5.642ns (36.410%)  route 9.855ns (63.590%))
  Logic Levels:           8  (CARRY4=2 LUT2=1 LUT4=1 LUT5=1 LUT6=2 OBUF=1)
  Clock Uncertainty:      0.025ns  ((TSJ^2 + TIJ^2)^1/2 + DJ) / 2 + PE
    Total System Jitter     (TSJ):    0.050ns
    Total Input Jitter      (TIJ):    0.000ns
    Discrete Jitter          (DJ):    0.000ns
    Phase Error              (PE):    0.000ns

    Location             Delay type                Incr(ns)  Path(ns)    Netlist Resource(s)
  -------------------------------------------------------------------    -------------------
                         (clock sys_clk_pin rise edge)
                                                      0.000     0.000 r  <hidden>
    W5                                                0.000     0.000 r  i_clk
                         net (fo=0)                   0.000     0.000    i_clk
    W5                   IBUF (Prop_ibuf_I_O)         1.458     1.458 r  i_clk_IBUF_inst/O
                         net (fo=1, routed)           1.967     3.425    i_clk_IBUF
    BUFGCTRL_X0Y0        BUFG (Prop_bufg_I_O)         0.096     3.521 r  i_clk_IBUF_BUFG_inst/O
                         net (fo=22, routed)          1.635     5.156    i_clk_IBUF_BUFG
    SLICE_X3Y11          FDRE                                         r  dato_B_reg[1]/C
  -------------------------------------------------------------------    -------------------
    SLICE_X3Y11          FDRE (Prop_fdre_C_Q)         0.456     5.612 r  dato_B_reg[1]/Q
                         net (fo=18, routed)          1.940     7.552    dato_B_reg_n_0_[1]
    SLICE_X3Y11          LUT2 (Prop_lut2_I0_O)        0.124     7.676 r  o_leds_OBUF[1]_inst_i_10/O
                         net (fo=1, routed)           0.000     7.676    o_leds_OBUF[1]_inst_i_10_n_0
    SLICE_X3Y11          CARRY4 (Prop_carry4_S[1]_CO[3])
                                                      0.550     8.226 r  o_leds_OBUF[1]_inst_i_6/CO[3]
                         net (fo=1, routed)           0.000     8.226    o_leds_OBUF[1]_inst_i_6_n_0
    SLICE_X3Y12          CARRY4 (Prop_carry4_CI_O[3])
                                                      0.313     8.539 f  o_overflow_OBUF_inst_i_4/O[3]
                         net (fo=2, routed)           0.607     9.146    p_1_in
    SLICE_X5Y11          LUT6 (Prop_lut6_I0_O)        0.306     9.452 f  o_leds_OBUF[7]_inst_i_2/O
                         net (fo=1, routed)           0.433     9.885    o_leds_OBUF[7]_inst_i_2_n_0
    SLICE_X5Y11          LUT6 (Prop_lut6_I2_O)        0.124    10.009 f  o_leds_OBUF[7]_inst_i_1/O
                         net (fo=2, routed)           0.964    10.973    o_leds_OBUF[7]
    SLICE_X0Y10          LUT4 (Prop_lut4_I1_O)        0.124    11.097 f  o_zero_OBUF_inst_i_2/O
                         net (fo=1, routed)           0.776    11.873    o_zero_OBUF_inst_i_2_n_0
    SLICE_X0Y11          LUT5 (Prop_lut5_I4_O)        0.124    11.997 r  o_zero_OBUF_inst_i_1/O
                         net (fo=1, routed)           5.135    17.132    o_zero_OBUF
    L1                   OBUF (Prop_obuf_I_O)         3.521    20.653 r  o_zero_OBUF_inst/O
                         net (fo=0)                   0.000    20.653    o_zero
    L1                                                                r  o_zero
  -------------------------------------------------------------------    -------------------

Slack:                    inf
  Source:                 dato_B_reg[1]/C
                            (rising edge-triggered cell FDRE clocked by sys_clk_pin  {rise@0.000ns fall@5.000ns period=10.000ns})
  Destination:            o_carry
                            (output port)
  Path Group:             (none)
  Path Type:              Max at Slow Process Corner
  Data Path Delay:        13.536ns  (logic 5.395ns (39.861%)  route 8.140ns (60.139%))
  Logic Levels:           6  (CARRY4=3 LUT2=1 LUT6=1 OBUF=1)
  Clock Uncertainty:      0.025ns  ((TSJ^2 + TIJ^2)^1/2 + DJ) / 2 + PE
    Total System Jitter     (TSJ):    0.050ns
    Total Input Jitter      (TIJ):    0.000ns
    Discrete Jitter          (DJ):    0.000ns
    Phase Error              (PE):    0.000ns

    Location             Delay type                Incr(ns)  Path(ns)    Netlist Resource(s)
  -------------------------------------------------------------------    -------------------
                         (clock sys_clk_pin rise edge)
                                                      0.000     0.000 r  <hidden>
    W5                                                0.000     0.000 r  i_clk
                         net (fo=0)                   0.000     0.000    i_clk
    W5                   IBUF (Prop_ibuf_I_O)         1.458     1.458 r  i_clk_IBUF_inst/O
                         net (fo=1, routed)           1.967     3.425    i_clk_IBUF
    BUFGCTRL_X0Y0        BUFG (Prop_bufg_I_O)         0.096     3.521 r  i_clk_IBUF_BUFG_inst/O
                         net (fo=22, routed)          1.635     5.156    i_clk_IBUF_BUFG
    SLICE_X3Y11          FDRE                                         r  dato_B_reg[1]/C
  -------------------------------------------------------------------    -------------------
    SLICE_X3Y11          FDRE (Prop_fdre_C_Q)         0.456     5.612 r  dato_B_reg[1]/Q
                         net (fo=18, routed)          1.940     7.552    dato_B_reg_n_0_[1]
    SLICE_X3Y11          LUT2 (Prop_lut2_I0_O)        0.124     7.676 r  o_leds_OBUF[1]_inst_i_10/O
                         net (fo=1, routed)           0.000     7.676    o_leds_OBUF[1]_inst_i_10_n_0
    SLICE_X3Y11          CARRY4 (Prop_carry4_S[1]_CO[3])
                                                      0.550     8.226 r  o_leds_OBUF[1]_inst_i_6/CO[3]
                         net (fo=1, routed)           0.000     8.226    o_leds_OBUF[1]_inst_i_6_n_0
    SLICE_X3Y12          CARRY4 (Prop_carry4_CI_CO[3])
                                                      0.114     8.340 r  o_overflow_OBUF_inst_i_4/CO[3]
                         net (fo=1, routed)           0.000     8.340    o_overflow_OBUF_inst_i_4_n_0
    SLICE_X3Y13          CARRY4 (Prop_carry4_CI_CO[0])
                                                      0.271     8.611 f  o_carry_OBUF_inst_i_3/CO[0]
                         net (fo=1, routed)           0.806     9.417    o_carry_OBUF_inst_i_3_n_3
    SLICE_X4Y13          LUT6 (Prop_lut6_I4_O)        0.373     9.790 r  o_carry_OBUF_inst_i_1/O
                         net (fo=1, routed)           5.395    15.184    o_carry_OBUF
    N3                   OBUF (Prop_obuf_I_O)         3.507    18.692 r  o_carry_OBUF_inst/O
                         net (fo=0)                   0.000    18.692    o_carry
    N3                                                                r  o_carry
  -------------------------------------------------------------------    -------------------

Slack:                    inf
  Source:                 dato_A_reg[2]/C
                            (rising edge-triggered cell FDRE clocked by sys_clk_pin  {rise@0.000ns fall@5.000ns period=10.000ns})
  Destination:            o_overflow
                            (output port)
  Path Group:             (none)
  Path Type:              Max at Slow Process Corner
  Data Path Delay:        12.139ns  (logic 5.159ns (42.503%)  route 6.980ns (57.497%))
  Logic Levels:           5  (CARRY4=2 LUT2=1 LUT6=1 OBUF=1)
  Clock Uncertainty:      0.025ns  ((TSJ^2 + TIJ^2)^1/2 + DJ) / 2 + PE
    Total System Jitter     (TSJ):    0.050ns
    Total Input Jitter      (TIJ):    0.000ns
    Discrete Jitter          (DJ):    0.000ns
    Phase Error              (PE):    0.000ns

    Location             Delay type                Incr(ns)  Path(ns)    Netlist Resource(s)
  -------------------------------------------------------------------    -------------------
                         (clock sys_clk_pin rise edge)
                                                      0.000     0.000 r  <hidden>
    W5                                                0.000     0.000 r  i_clk
                         net (fo=0)                   0.000     0.000    i_clk
    W5                   IBUF (Prop_ibuf_I_O)         1.458     1.458 r  i_clk_IBUF_inst/O
                         net (fo=1, routed)           1.967     3.425    i_clk_IBUF
    BUFGCTRL_X0Y0        BUFG (Prop_bufg_I_O)         0.096     3.521 r  i_clk_IBUF_BUFG_inst/O
                         net (fo=22, routed)          1.635     5.156    i_clk_IBUF_BUFG
    SLICE_X2Y11          FDRE                                         r  dato_A_reg[2]/C
  -------------------------------------------------------------------    -------------------
    SLICE_X2Y11          FDRE (Prop_fdre_C_Q)         0.518     5.674 r  dato_A_reg[2]/Q
                         net (fo=7, routed)           1.446     7.120    dato_A_reg_n_0_[2]
    SLICE_X2Y11          LUT2 (Prop_lut2_I0_O)        0.124     7.244 r  o_leds_OBUF[1]_inst_i_13/O
                         net (fo=1, routed)           0.000     7.244    o_leds_OBUF[1]_inst_i_13_n_0
    SLICE_X2Y11          CARRY4 (Prop_carry4_S[2]_CO[3])
                                                      0.380     7.624 r  o_leds_OBUF[1]_inst_i_7/CO[3]
                         net (fo=1, routed)           0.000     7.624    o_leds_OBUF[1]_inst_i_7_n_0
    SLICE_X2Y12          CARRY4 (Prop_carry4_CI_O[3])
                                                      0.315     7.939 r  o_overflow_OBUF_inst_i_3/O[3]
                         net (fo=2, routed)           1.107     9.046    p_1_in2_in
    SLICE_X5Y11          LUT6 (Prop_lut6_I1_O)        0.307     9.353 r  o_overflow_OBUF_inst_i_1/O
                         net (fo=1, routed)           4.427    13.780    o_overflow_OBUF
    P1                   OBUF (Prop_obuf_I_O)         3.515    17.295 r  o_overflow_OBUF_inst/O
                         net (fo=0)                   0.000    17.295    o_overflow
    P1                                                                r  o_overflow
  -------------------------------------------------------------------    -------------------

Slack:                    inf
  Source:                 dato_B_reg[1]/C
                            (rising edge-triggered cell FDRE clocked by sys_clk_pin  {rise@0.000ns fall@5.000ns period=10.000ns})
  Destination:            o_leds[3]
                            (output port)
  Path Group:             (none)
  Path Type:              Max at Slow Process Corner
  Data Path Delay:        11.126ns  (logic 5.551ns (49.892%)  route 5.575ns (50.108%))
  Logic Levels:           6  (CARRY4=1 LUT2=1 LUT5=1 LUT6=1 MUXF7=1 OBUF=1)
  Clock Uncertainty:      0.025ns  ((TSJ^2 + TIJ^2)^1/2 + DJ) / 2 + PE
    Total System Jitter     (TSJ):    0.050ns
    Total Input Jitter      (TIJ):    0.000ns
    Discrete Jitter          (DJ):    0.000ns
    Phase Error              (PE):    0.000ns

    Location             Delay type                Incr(ns)  Path(ns)    Netlist Resource(s)
  -------------------------------------------------------------------    -------------------
                         (clock sys_clk_pin rise edge)
                                                      0.000     0.000 r  <hidden>
    W5                                                0.000     0.000 r  i_clk
                         net (fo=0)                   0.000     0.000    i_clk
    W5                   IBUF (Prop_ibuf_I_O)         1.458     1.458 r  i_clk_IBUF_inst/O
                         net (fo=1, routed)           1.967     3.425    i_clk_IBUF
    BUFGCTRL_X0Y0        BUFG (Prop_bufg_I_O)         0.096     3.521 r  i_clk_IBUF_BUFG_inst/O
                         net (fo=22, routed)          1.635     5.156    i_clk_IBUF_BUFG
    SLICE_X3Y11          FDRE                                         r  dato_B_reg[1]/C
  -------------------------------------------------------------------    -------------------
    SLICE_X3Y11          FDRE (Prop_fdre_C_Q)         0.456     5.612 r  dato_B_reg[1]/Q
                         net (fo=18, routed)          1.940     7.552    dato_B_reg_n_0_[1]
    SLICE_X3Y11          LUT2 (Prop_lut2_I0_O)        0.124     7.676 r  o_leds_OBUF[1]_inst_i_10/O
                         net (fo=1, routed)           0.000     7.676    o_leds_OBUF[1]_inst_i_10_n_0
    SLICE_X3Y11          CARRY4 (Prop_carry4_S[1]_O[3])
                                                      0.640     8.316 r  o_leds_OBUF[1]_inst_i_6/O[3]
                         net (fo=1, routed)           0.784     9.100    o_leds_OBUF[1]_inst_i_6_n_4
    SLICE_X4Y11          LUT5 (Prop_lut5_I0_O)        0.306     9.406 f  o_leds_OBUF[3]_inst_i_5/O
                         net (fo=1, routed)           0.000     9.406    o_leds_OBUF[3]_inst_i_5_n_0
    SLICE_X4Y11          MUXF7 (Prop_muxf7_I1_O)      0.217     9.623 f  o_leds_OBUF[3]_inst_i_2/O
                         net (fo=1, routed)           0.977    10.600    o_leds_OBUF[3]_inst_i_2_n_0
    SLICE_X0Y12          LUT6 (Prop_lut6_I2_O)        0.299    10.899 r  o_leds_OBUF[3]_inst_i_1/O
                         net (fo=2, routed)           1.874    12.773    o_leds_OBUF[3]
    V19                  OBUF (Prop_obuf_I_O)         3.509    16.282 r  o_leds_OBUF[3]_inst/O
                         net (fo=0)                   0.000    16.282    o_leds[3]
    V19                                                               r  o_leds[3]
  -------------------------------------------------------------------    -------------------

Slack:                    inf
  Source:                 dato_B_reg[1]/C
                            (rising edge-triggered cell FDRE clocked by sys_clk_pin  {rise@0.000ns fall@5.000ns period=10.000ns})
  Destination:            o_leds[1]
                            (output port)
  Path Group:             (none)
  Path Type:              Max at Slow Process Corner
  Data Path Delay:        10.964ns  (logic 4.764ns (43.449%)  route 6.200ns (56.551%))
  Logic Levels:           5  (CARRY4=1 LUT2=1 LUT6=2 OBUF=1)
  Clock Uncertainty:      0.025ns  ((TSJ^2 + TIJ^2)^1/2 + DJ) / 2 + PE
    Total System Jitter     (TSJ):    0.050ns
    Total Input Jitter      (TIJ):    0.000ns
    Discrete Jitter          (DJ):    0.000ns
    Phase Error              (PE):    0.000ns

    Location             Delay type                Incr(ns)  Path(ns)    Netlist Resource(s)
  -------------------------------------------------------------------    -------------------
                         (clock sys_clk_pin rise edge)
                                                      0.000     0.000 r  <hidden>
    W5                                                0.000     0.000 r  i_clk
                         net (fo=0)                   0.000     0.000    i_clk
    W5                   IBUF (Prop_ibuf_I_O)         1.458     1.458 r  i_clk_IBUF_inst/O
                         net (fo=1, routed)           1.967     3.425    i_clk_IBUF
    BUFGCTRL_X0Y0        BUFG (Prop_bufg_I_O)         0.096     3.521 r  i_clk_IBUF_BUFG_inst/O
                         net (fo=22, routed)          1.635     5.156    i_clk_IBUF_BUFG
    SLICE_X3Y11          FDRE                                         r  dato_B_reg[1]/C
  -------------------------------------------------------------------    -------------------
    SLICE_X3Y11          FDRE (Prop_fdre_C_Q)         0.456     5.612 r  dato_B_reg[1]/Q
                         net (fo=18, routed)          1.940     7.552    dato_B_reg_n_0_[1]
    SLICE_X3Y11          LUT2 (Prop_lut2_I0_O)        0.124     7.676 r  o_leds_OBUF[1]_inst_i_10/O
                         net (fo=1, routed)           0.000     7.676    o_leds_OBUF[1]_inst_i_10_n_0
    SLICE_X3Y11          CARRY4 (Prop_carry4_S[1]_O[1])
                                                      0.227     7.903 r  o_leds_OBUF[1]_inst_i_6/O[1]
                         net (fo=1, routed)           0.572     8.475    o_leds_OBUF[1]_inst_i_6_n_6
    SLICE_X2Y10          LUT6 (Prop_lut6_I3_O)        0.303     8.778 f  o_leds_OBUF[1]_inst_i_3/O
                         net (fo=1, routed)           1.101     9.879    o_leds_OBUF[1]_inst_i_3_n_0
    SLICE_X0Y11          LUT6 (Prop_lut6_I3_O)        0.124    10.003 r  o_leds_OBUF[1]_inst_i_1/O
                         net (fo=2, routed)           2.588    12.591    o_leds_OBUF[1]
    E19                  OBUF (Prop_obuf_I_O)         3.530    16.120 r  o_leds_OBUF[1]_inst/O
                         net (fo=0)                   0.000    16.120    o_leds[1]
    E19                                                               r  o_leds[1]
  -------------------------------------------------------------------    -------------------

Slack:                    inf
  Source:                 dato_B_reg[1]/C
                            (rising edge-triggered cell FDRE clocked by sys_clk_pin  {rise@0.000ns fall@5.000ns period=10.000ns})
  Destination:            o_leds[2]
                            (output port)
  Path Group:             (none)
  Path Type:              Max at Slow Process Corner
  Data Path Delay:        10.743ns  (logic 5.211ns (48.508%)  route 5.532ns (51.492%))
  Logic Levels:           6  (CARRY4=1 LUT2=1 LUT6=3 OBUF=1)
  Clock Uncertainty:      0.025ns  ((TSJ^2 + TIJ^2)^1/2 + DJ) / 2 + PE
    Total System Jitter     (TSJ):    0.050ns
    Total Input Jitter      (TIJ):    0.000ns
    Discrete Jitter          (DJ):    0.000ns
    Phase Error              (PE):    0.000ns

    Location             Delay type                Incr(ns)  Path(ns)    Netlist Resource(s)
  -------------------------------------------------------------------    -------------------
                         (clock sys_clk_pin rise edge)
                                                      0.000     0.000 r  <hidden>
    W5                                                0.000     0.000 r  i_clk
                         net (fo=0)                   0.000     0.000    i_clk
    W5                   IBUF (Prop_ibuf_I_O)         1.458     1.458 r  i_clk_IBUF_inst/O
                         net (fo=1, routed)           1.967     3.425    i_clk_IBUF
    BUFGCTRL_X0Y0        BUFG (Prop_bufg_I_O)         0.096     3.521 r  i_clk_IBUF_BUFG_inst/O
                         net (fo=22, routed)          1.635     5.156    i_clk_IBUF_BUFG
    SLICE_X3Y11          FDRE                                         r  dato_B_reg[1]/C
  -------------------------------------------------------------------    -------------------
    SLICE_X3Y11          FDRE (Prop_fdre_C_Q)         0.456     5.612 r  dato_B_reg[1]/Q
                         net (fo=18, routed)          1.940     7.552    dato_B_reg_n_0_[1]
    SLICE_X3Y11          LUT2 (Prop_lut2_I0_O)        0.124     7.676 r  o_leds_OBUF[1]_inst_i_10/O
                         net (fo=1, routed)           0.000     7.676    o_leds_OBUF[1]_inst_i_10_n_0
    SLICE_X3Y11          CARRY4 (Prop_carry4_S[1]_O[2])
                                                      0.580     8.256 r  o_leds_OBUF[1]_inst_i_6/O[2]
                         net (fo=1, routed)           0.646     8.902    o_leds_OBUF[1]_inst_i_6_n_5
    SLICE_X1Y11          LUT6 (Prop_lut6_I3_O)        0.302     9.204 r  o_leds_OBUF[2]_inst_i_7/O
                         net (fo=1, routed)           0.665     9.869    o_leds_OBUF[2]_inst_i_7_n_0
    SLICE_X1Y11          LUT6 (Prop_lut6_I2_O)        0.124     9.993 r  o_leds_OBUF[2]_inst_i_2/O
                         net (fo=1, routed)           0.347    10.340    o_leds_OBUF[2]_inst_i_2_n_0
    SLICE_X0Y11          LUT6 (Prop_lut6_I1_O)        0.124    10.464 r  o_leds_OBUF[2]_inst_i_1/O
                         net (fo=2, routed)           1.934    12.398    o_leds_OBUF[2]
    U19                  OBUF (Prop_obuf_I_O)         3.501    15.899 r  o_leds_OBUF[2]_inst/O
                         net (fo=0)                   0.000    15.899    o_leds[2]
    U19                                                               r  o_leds[2]
  -------------------------------------------------------------------    -------------------

Slack:                    inf
  Source:                 dato_B_reg[1]/C
                            (rising edge-triggered cell FDRE clocked by sys_clk_pin  {rise@0.000ns fall@5.000ns period=10.000ns})
  Destination:            o_leds[5]
                            (output port)
  Path Group:             (none)
  Path Type:              Max at Slow Process Corner
  Data Path Delay:        10.614ns  (logic 5.405ns (50.927%)  route 5.209ns (49.073%))
  Logic Levels:           6  (CARRY4=2 LUT2=1 LUT6=2 OBUF=1)
  Clock Uncertainty:      0.025ns  ((TSJ^2 + TIJ^2)^1/2 + DJ) / 2 + PE
    Total System Jitter     (TSJ):    0.050ns
    Total Input Jitter      (TIJ):    0.000ns
    Discrete Jitter          (DJ):    0.000ns
    Phase Error              (PE):    0.000ns

    Location             Delay type                Incr(ns)  Path(ns)    Netlist Resource(s)
  -------------------------------------------------------------------    -------------------
                         (clock sys_clk_pin rise edge)
                                                      0.000     0.000 r  <hidden>
    W5                                                0.000     0.000 r  i_clk
                         net (fo=0)                   0.000     0.000    i_clk
    W5                   IBUF (Prop_ibuf_I_O)         1.458     1.458 r  i_clk_IBUF_inst/O
                         net (fo=1, routed)           1.967     3.425    i_clk_IBUF
    BUFGCTRL_X0Y0        BUFG (Prop_bufg_I_O)         0.096     3.521 r  i_clk_IBUF_BUFG_inst/O
                         net (fo=22, routed)          1.635     5.156    i_clk_IBUF_BUFG
    SLICE_X3Y11          FDRE                                         r  dato_B_reg[1]/C
  -------------------------------------------------------------------    -------------------
    SLICE_X3Y11          FDRE (Prop_fdre_C_Q)         0.456     5.612 r  dato_B_reg[1]/Q
                         net (fo=18, routed)          1.940     7.552    dato_B_reg_n_0_[1]
    SLICE_X3Y11          LUT2 (Prop_lut2_I0_O)        0.124     7.676 r  o_leds_OBUF[1]_inst_i_10/O
                         net (fo=1, routed)           0.000     7.676    o_leds_OBUF[1]_inst_i_10_n_0
    SLICE_X3Y11          CARRY4 (Prop_carry4_S[1]_CO[3])
                                                      0.550     8.226 r  o_leds_OBUF[1]_inst_i_6/CO[3]
                         net (fo=1, routed)           0.000     8.226    o_leds_OBUF[1]_inst_i_6_n_0
    SLICE_X3Y12          CARRY4 (Prop_carry4_CI_O[1])
                                                      0.334     8.560 r  o_overflow_OBUF_inst_i_4/O[1]
                         net (fo=1, routed)           0.582     9.142    o_overflow_OBUF_inst_i_4_n_6
    SLICE_X4Y12          LUT6 (Prop_lut6_I3_O)        0.303     9.445 r  o_leds_OBUF[5]_inst_i_4/O
                         net (fo=1, routed)           0.808    10.253    o_leds_OBUF[5]_inst_i_4_n_0
    SLICE_X4Y10          LUT6 (Prop_lut6_I3_O)        0.124    10.377 r  o_leds_OBUF[5]_inst_i_1/O
                         net (fo=2, routed)           1.879    12.256    o_leds_OBUF[5]
    U15                  OBUF (Prop_obuf_I_O)         3.514    15.770 r  o_leds_OBUF[5]_inst/O
                         net (fo=0)                   0.000    15.770    o_leds[5]
    U15                                                               r  o_leds[5]
  -------------------------------------------------------------------    -------------------

Slack:                    inf
  Source:                 dato_B_reg[1]/C
                            (rising edge-triggered cell FDRE clocked by sys_clk_pin  {rise@0.000ns fall@5.000ns period=10.000ns})
  Destination:            o_leds[7]
                            (output port)
  Path Group:             (none)
  Path Type:              Max at Slow Process Corner
  Data Path Delay:        10.588ns  (logic 5.374ns (50.752%)  route 5.214ns (49.248%))
  Logic Levels:           6  (CARRY4=2 LUT2=1 LUT6=2 OBUF=1)
  Clock Uncertainty:      0.025ns  ((TSJ^2 + TIJ^2)^1/2 + DJ) / 2 + PE
    Total System Jitter     (TSJ):    0.050ns
    Total Input Jitter      (TIJ):    0.000ns
    Discrete Jitter          (DJ):    0.000ns
    Phase Error              (PE):    0.000ns

    Location             Delay type                Incr(ns)  Path(ns)    Netlist Resource(s)
  -------------------------------------------------------------------    -------------------
                         (clock sys_clk_pin rise edge)
                                                      0.000     0.000 r  <hidden>
    W5                                                0.000     0.000 r  i_clk
                         net (fo=0)                   0.000     0.000    i_clk
    W5                   IBUF (Prop_ibuf_I_O)         1.458     1.458 r  i_clk_IBUF_inst/O
                         net (fo=1, routed)           1.967     3.425    i_clk_IBUF
    BUFGCTRL_X0Y0        BUFG (Prop_bufg_I_O)         0.096     3.521 r  i_clk_IBUF_BUFG_inst/O
                         net (fo=22, routed)          1.635     5.156    i_clk_IBUF_BUFG
    SLICE_X3Y11          FDRE                                         r  dato_B_reg[1]/C
  -------------------------------------------------------------------    -------------------
    SLICE_X3Y11          FDRE (Prop_fdre_C_Q)         0.456     5.612 r  dato_B_reg[1]/Q
                         net (fo=18, routed)          1.940     7.552    dato_B_reg_n_0_[1]
    SLICE_X3Y11          LUT2 (Prop_lut2_I0_O)        0.124     7.676 r  o_leds_OBUF[1]_inst_i_10/O
                         net (fo=1, routed)           0.000     7.676    o_leds_OBUF[1]_inst_i_10_n_0
    SLICE_X3Y11          CARRY4 (Prop_carry4_S[1]_CO[3])
                                                      0.550     8.226 r  o_leds_OBUF[1]_inst_i_6/CO[3]
                         net (fo=1, routed)           0.000     8.226    o_leds_OBUF[1]_inst_i_6_n_0
    SLICE_X3Y12          CARRY4 (Prop_carry4_CI_O[3])
                                                      0.313     8.539 r  o_overflow_OBUF_inst_i_4/O[3]
                         net (fo=2, routed)           0.607     9.146    p_1_in
    SLICE_X5Y11          LUT6 (Prop_lut6_I0_O)        0.306     9.452 r  o_leds_OBUF[7]_inst_i_2/O
                         net (fo=1, routed)           0.433     9.885    o_leds_OBUF[7]_inst_i_2_n_0
    SLICE_X5Y11          LUT6 (Prop_lut6_I2_O)        0.124    10.009 r  o_leds_OBUF[7]_inst_i_1/O
                         net (fo=2, routed)           2.235    12.244    o_leds_OBUF[7]
    V14                  OBUF (Prop_obuf_I_O)         3.501    15.744 r  o_leds_OBUF[7]_inst/O
                         net (fo=0)                   0.000    15.744    o_leds[7]
    V14                                                               r  o_leds[7]
  -------------------------------------------------------------------    -------------------

Slack:                    inf
  Source:                 dato_B_reg[1]/C
                            (rising edge-triggered cell FDRE clocked by sys_clk_pin  {rise@0.000ns fall@5.000ns period=10.000ns})
  Destination:            o_leds[4]
                            (output port)
  Path Group:             (none)
  Path Type:              Max at Slow Process Corner
  Data Path Delay:        10.200ns  (logic 5.284ns (51.801%)  route 4.916ns (48.199%))
  Logic Levels:           6  (CARRY4=2 LUT2=1 LUT6=2 OBUF=1)
  Clock Uncertainty:      0.025ns  ((TSJ^2 + TIJ^2)^1/2 + DJ) / 2 + PE
    Total System Jitter     (TSJ):    0.050ns
    Total Input Jitter      (TIJ):    0.000ns
    Discrete Jitter          (DJ):    0.000ns
    Phase Error              (PE):    0.000ns

    Location             Delay type                Incr(ns)  Path(ns)    Netlist Resource(s)
  -------------------------------------------------------------------    -------------------
                         (clock sys_clk_pin rise edge)
                                                      0.000     0.000 r  <hidden>
    W5                                                0.000     0.000 r  i_clk
                         net (fo=0)                   0.000     0.000    i_clk
    W5                   IBUF (Prop_ibuf_I_O)         1.458     1.458 r  i_clk_IBUF_inst/O
                         net (fo=1, routed)           1.967     3.425    i_clk_IBUF
    BUFGCTRL_X0Y0        BUFG (Prop_bufg_I_O)         0.096     3.521 r  i_clk_IBUF_BUFG_inst/O
                         net (fo=22, routed)          1.635     5.156    i_clk_IBUF_BUFG
    SLICE_X3Y11          FDRE                                         r  dato_B_reg[1]/C
  -------------------------------------------------------------------    -------------------
    SLICE_X3Y11          FDRE (Prop_fdre_C_Q)         0.456     5.612 r  dato_B_reg[1]/Q
                         net (fo=18, routed)          1.940     7.552    dato_B_reg_n_0_[1]
    SLICE_X3Y11          LUT2 (Prop_lut2_I0_O)        0.124     7.676 r  o_leds_OBUF[1]_inst_i_10/O
                         net (fo=1, routed)           0.000     7.676    o_leds_OBUF[1]_inst_i_10_n_0
    SLICE_X3Y11          CARRY4 (Prop_carry4_S[1]_CO[3])
                                                      0.550     8.226 r  o_leds_OBUF[1]_inst_i_6/CO[3]
                         net (fo=1, routed)           0.000     8.226    o_leds_OBUF[1]_inst_i_6_n_0
    SLICE_X3Y12          CARRY4 (Prop_carry4_CI_O[0])
                                                      0.222     8.448 r  o_overflow_OBUF_inst_i_4/O[0]
                         net (fo=1, routed)           0.930     9.379    o_overflow_OBUF_inst_i_4_n_7
    SLICE_X4Y13          LUT6 (Prop_lut6_I3_O)        0.299     9.678 r  o_leds_OBUF[4]_inst_i_2/O
                         net (fo=1, routed)           0.159     9.836    o_leds_OBUF[4]_inst_i_2_n_0
    SLICE_X4Y13          LUT6 (Prop_lut6_I2_O)        0.124     9.960 r  o_leds_OBUF[4]_inst_i_1/O
                         net (fo=2, routed)           1.887    11.847    o_leds_OBUF[4]
    W18                  OBUF (Prop_obuf_I_O)         3.509    15.356 r  o_leds_OBUF[4]_inst/O
                         net (fo=0)                   0.000    15.356    o_leds[4]
    W18                                                               r  o_leds[4]
  -------------------------------------------------------------------    -------------------

Slack:                    inf
  Source:                 dato_A_reg[2]/C
                            (rising edge-triggered cell FDRE clocked by sys_clk_pin  {rise@0.000ns fall@5.000ns period=10.000ns})
  Destination:            o_leds[6]
                            (output port)
  Path Group:             (none)
  Path Type:              Max at Slow Process Corner
  Data Path Delay:        10.188ns  (logic 5.192ns (50.965%)  route 4.996ns (49.035%))
  Logic Levels:           6  (CARRY4=2 LUT2=1 LUT6=2 OBUF=1)
  Clock Uncertainty:      0.025ns  ((TSJ^2 + TIJ^2)^1/2 + DJ) / 2 + PE
    Total System Jitter     (TSJ):    0.050ns
    Total Input Jitter      (TIJ):    0.000ns
    Discrete Jitter          (DJ):    0.000ns
    Phase Error              (PE):    0.000ns

    Location             Delay type                Incr(ns)  Path(ns)    Netlist Resource(s)
  -------------------------------------------------------------------    -------------------
                         (clock sys_clk_pin rise edge)
                                                      0.000     0.000 r  <hidden>
    W5                                                0.000     0.000 r  i_clk
                         net (fo=0)                   0.000     0.000    i_clk
    W5                   IBUF (Prop_ibuf_I_O)         1.458     1.458 r  i_clk_IBUF_inst/O
                         net (fo=1, routed)           1.967     3.425    i_clk_IBUF
    BUFGCTRL_X0Y0        BUFG (Prop_bufg_I_O)         0.096     3.521 r  i_clk_IBUF_BUFG_inst/O
                         net (fo=22, routed)          1.635     5.156    i_clk_IBUF_BUFG
    SLICE_X2Y11          FDRE                                         r  dato_A_reg[2]/C
  -------------------------------------------------------------------    -------------------
    SLICE_X2Y11          FDRE (Prop_fdre_C_Q)         0.518     5.674 r  dato_A_reg[2]/Q
                         net (fo=7, routed)           1.446     7.120    dato_A_reg_n_0_[2]
    SLICE_X2Y11          LUT2 (Prop_lut2_I0_O)        0.124     7.244 r  o_leds_OBUF[1]_inst_i_13/O
                         net (fo=1, routed)           0.000     7.244    o_leds_OBUF[1]_inst_i_13_n_0
    SLICE_X2Y11          CARRY4 (Prop_carry4_S[2]_CO[3])
                                                      0.380     7.624 r  o_leds_OBUF[1]_inst_i_7/CO[3]
                         net (fo=1, routed)           0.000     7.624    o_leds_OBUF[1]_inst_i_7_n_0
    SLICE_X2Y12          CARRY4 (Prop_carry4_CI_O[2])
                                                      0.239     7.863 r  o_overflow_OBUF_inst_i_3/O[2]
                         net (fo=1, routed)           0.658     8.521    o_overflow_OBUF_inst_i_3_n_5
    SLICE_X5Y12          LUT6 (Prop_lut6_I1_O)        0.301     8.822 f  o_leds_OBUF[6]_inst_i_4/O
                         net (fo=1, routed)           0.665     9.487    o_leds_OBUF[6]_inst_i_4_n_0
    SLICE_X5Y12          LUT6 (Prop_lut6_I5_O)        0.124     9.611 r  o_leds_OBUF[6]_inst_i_1/O
                         net (fo=2, routed)           2.227    11.838    o_leds_OBUF[6]
    U14                  OBUF (Prop_obuf_I_O)         3.506    15.344 r  o_leds_OBUF[6]_inst/O
                         net (fo=0)                   0.000    15.344    o_leds[6]
    U14                                                               r  o_leds[6]
  -------------------------------------------------------------------    -------------------





Min Delay Paths
--------------------------------------------------------------------------------------
Slack:                    inf
  Source:                 opt_reg[3]/C
                            (rising edge-triggered cell FDRE clocked by sys_clk_pin  {rise@0.000ns fall@5.000ns period=10.000ns})
  Destination:            o_leds[0]
                            (output port)
  Path Group:             (none)
  Path Type:              Min at Fast Process Corner
  Data Path Delay:        1.957ns  (logic 1.392ns (71.127%)  route 0.565ns (28.873%))
  Logic Levels:           2  (LUT6=1 OBUF=1)
  Clock Uncertainty:      0.025ns  ((TSJ^2 + TIJ^2)^1/2 + DJ) / 2 + PE
    Total System Jitter     (TSJ):    0.050ns
    Total Input Jitter      (TIJ):    0.000ns
    Discrete Jitter          (DJ):    0.000ns
    Phase Error              (PE):    0.000ns

    Location             Delay type                Incr(ns)  Path(ns)    Netlist Resource(s)
  -------------------------------------------------------------------    -------------------
                         (clock sys_clk_pin rise edge)
                                                      0.000     0.000 r  <hidden>
    W5                                                0.000     0.000 r  i_clk
                         net (fo=0)                   0.000     0.000    i_clk
    W5                   IBUF (Prop_ibuf_I_O)         0.226     0.226 r  i_clk_IBUF_inst/O
                         net (fo=1, routed)           0.631     0.858    i_clk_IBUF
    BUFGCTRL_X0Y0        BUFG (Prop_bufg_I_O)         0.026     0.884 r  i_clk_IBUF_BUFG_inst/O
                         net (fo=22, routed)          0.592     1.475    i_clk_IBUF_BUFG
    SLICE_X3Y12          FDRE                                         r  opt_reg[3]/C
  -------------------------------------------------------------------    -------------------
    SLICE_X3Y12          FDRE (Prop_fdre_C_Q)         0.141     1.616 f  opt_reg[3]/Q
                         net (fo=7, routed)           0.141     1.757    opt_reg_n_0_[3]
    SLICE_X2Y10          LUT6 (Prop_lut6_I1_O)        0.045     1.802 r  o_leds_OBUF[0]_inst_i_1/O
                         net (fo=2, routed)           0.424     2.226    o_leds_OBUF[0]
    U16                  OBUF (Prop_obuf_I_O)         1.206     3.432 r  o_leds_OBUF[0]_inst/O
                         net (fo=0)                   0.000     3.432    o_leds[0]
    U16                                                               r  o_leds[0]
  -------------------------------------------------------------------    -------------------

Slack:                    inf
  Source:                 opt_reg[2]/C
                            (rising edge-triggered cell FDRE clocked by sys_clk_pin  {rise@0.000ns fall@5.000ns period=10.000ns})
  Destination:            o_leds[3]
                            (output port)
  Path Group:             (none)
  Path Type:              Min at Fast Process Corner
  Data Path Delay:        2.067ns  (logic 1.419ns (68.668%)  route 0.648ns (31.332%))
  Logic Levels:           2  (LUT6=1 OBUF=1)
  Clock Uncertainty:      0.025ns  ((TSJ^2 + TIJ^2)^1/2 + DJ) / 2 + PE
    Total System Jitter     (TSJ):    0.050ns
    Total Input Jitter      (TIJ):    0.000ns
    Discrete Jitter          (DJ):    0.000ns
    Phase Error              (PE):    0.000ns

    Location             Delay type                Incr(ns)  Path(ns)    Netlist Resource(s)
  -------------------------------------------------------------------    -------------------
                         (clock sys_clk_pin rise edge)
                                                      0.000     0.000 r  <hidden>
    W5                                                0.000     0.000 r  i_clk
                         net (fo=0)                   0.000     0.000    i_clk
    W5                   IBUF (Prop_ibuf_I_O)         0.226     0.226 r  i_clk_IBUF_inst/O
                         net (fo=1, routed)           0.631     0.858    i_clk_IBUF
    BUFGCTRL_X0Y0        BUFG (Prop_bufg_I_O)         0.026     0.884 r  i_clk_IBUF_BUFG_inst/O
                         net (fo=22, routed)          0.592     1.475    i_clk_IBUF_BUFG
    SLICE_X2Y12          FDRE                                         r  opt_reg[2]/C
  -------------------------------------------------------------------    -------------------
    SLICE_X2Y12          FDRE (Prop_fdre_C_Q)         0.164     1.639 f  opt_reg[2]/Q
                         net (fo=23, routed)          0.235     1.874    opt_reg_n_0_[2]
    SLICE_X0Y12          LUT6 (Prop_lut6_I4_O)        0.045     1.919 r  o_leds_OBUF[3]_inst_i_1/O
                         net (fo=2, routed)           0.412     2.332    o_leds_OBUF[3]
    V19                  OBUF (Prop_obuf_I_O)         1.210     3.542 r  o_leds_OBUF[3]_inst/O
                         net (fo=0)                   0.000     3.542    o_leds[3]
    V19                                                               r  o_leds[3]
  -------------------------------------------------------------------    -------------------

Slack:                    inf
  Source:                 dato_A_reg[4]/C
                            (rising edge-triggered cell FDRE clocked by sys_clk_pin  {rise@0.000ns fall@5.000ns period=10.000ns})
  Destination:            o_leds[4]
                            (output port)
  Path Group:             (none)
  Path Type:              Min at Fast Process Corner
  Data Path Delay:        2.086ns  (logic 1.464ns (70.179%)  route 0.622ns (29.821%))
  Logic Levels:           3  (LUT6=2 OBUF=1)
  Clock Uncertainty:      0.025ns  ((TSJ^2 + TIJ^2)^1/2 + DJ) / 2 + PE
    Total System Jitter     (TSJ):    0.050ns
    Total Input Jitter      (TIJ):    0.000ns
    Discrete Jitter          (DJ):    0.000ns
    Phase Error              (PE):    0.000ns

    Location             Delay type                Incr(ns)  Path(ns)    Netlist Resource(s)
  -------------------------------------------------------------------    -------------------
                         (clock sys_clk_pin rise edge)
                                                      0.000     0.000 r  <hidden>
    W5                                                0.000     0.000 r  i_clk
                         net (fo=0)                   0.000     0.000    i_clk
    W5                   IBUF (Prop_ibuf_I_O)         0.226     0.226 r  i_clk_IBUF_inst/O
                         net (fo=1, routed)           0.631     0.858    i_clk_IBUF
    BUFGCTRL_X0Y0        BUFG (Prop_bufg_I_O)         0.026     0.884 r  i_clk_IBUF_BUFG_inst/O
                         net (fo=22, routed)          0.591     1.474    i_clk_IBUF_BUFG
    SLICE_X2Y13          FDRE                                         r  dato_A_reg[4]/C
  -------------------------------------------------------------------    -------------------
    SLICE_X2Y13          FDRE (Prop_fdre_C_Q)         0.164     1.638 r  dato_A_reg[4]/Q
                         net (fo=9, routed)           0.141     1.779    dato_A_reg_n_0_[4]
    SLICE_X4Y13          LUT6 (Prop_lut6_I1_O)        0.045     1.824 r  o_leds_OBUF[4]_inst_i_2/O
                         net (fo=1, routed)           0.058     1.882    o_leds_OBUF[4]_inst_i_2_n_0
    SLICE_X4Y13          LUT6 (Prop_lut6_I2_O)        0.045     1.927 r  o_leds_OBUF[4]_inst_i_1/O
                         net (fo=2, routed)           0.423     2.350    o_leds_OBUF[4]
    W18                  OBUF (Prop_obuf_I_O)         1.210     3.560 r  o_leds_OBUF[4]_inst/O
                         net (fo=0)                   0.000     3.560    o_leds[4]
    W18                                                               r  o_leds[4]
  -------------------------------------------------------------------    -------------------

Slack:                    inf
  Source:                 dato_B_reg[0]/C
                            (rising edge-triggered cell FDRE clocked by sys_clk_pin  {rise@0.000ns fall@5.000ns period=10.000ns})
  Destination:            o_leds[2]
                            (output port)
  Path Group:             (none)
  Path Type:              Min at Fast Process Corner
  Data Path Delay:        2.121ns  (logic 1.388ns (65.461%)  route 0.732ns (34.539%))
  Logic Levels:           2  (LUT6=1 OBUF=1)
  Clock Uncertainty:      0.025ns  ((TSJ^2 + TIJ^2)^1/2 + DJ) / 2 + PE
    Total System Jitter     (TSJ):    0.050ns
    Total Input Jitter      (TIJ):    0.000ns
    Discrete Jitter          (DJ):    0.000ns
    Phase Error              (PE):    0.000ns

    Location             Delay type                Incr(ns)  Path(ns)    Netlist Resource(s)
  -------------------------------------------------------------------    -------------------
                         (clock sys_clk_pin rise edge)
                                                      0.000     0.000 r  <hidden>
    W5                                                0.000     0.000 r  i_clk
                         net (fo=0)                   0.000     0.000    i_clk
    W5                   IBUF (Prop_ibuf_I_O)         0.226     0.226 r  i_clk_IBUF_inst/O
                         net (fo=1, routed)           0.631     0.858    i_clk_IBUF
    BUFGCTRL_X0Y0        BUFG (Prop_bufg_I_O)         0.026     0.884 r  i_clk_IBUF_BUFG_inst/O
                         net (fo=22, routed)          0.593     1.476    i_clk_IBUF_BUFG
    SLICE_X1Y11          FDRE                                         r  dato_B_reg[0]/C
  -------------------------------------------------------------------    -------------------
    SLICE_X1Y11          FDRE (Prop_fdre_C_Q)         0.141     1.617 f  dato_B_reg[0]/Q
                         net (fo=15, routed)          0.283     1.901    dato_B_reg_n_0_[0]
    SLICE_X0Y11          LUT6 (Prop_lut6_I4_O)        0.045     1.946 r  o_leds_OBUF[2]_inst_i_1/O
                         net (fo=2, routed)           0.449     2.395    o_leds_OBUF[2]
    U19                  OBUF (Prop_obuf_I_O)         1.202     3.597 r  o_leds_OBUF[2]_inst/O
                         net (fo=0)                   0.000     3.597    o_leds[2]
    U19                                                               r  o_leds[2]
  -------------------------------------------------------------------    -------------------

Slack:                    inf
  Source:                 opt_reg[5]/C
                            (rising edge-triggered cell FDRE clocked by sys_clk_pin  {rise@0.000ns fall@5.000ns period=10.000ns})
  Destination:            o_leds[6]
                            (output port)
  Path Group:             (none)
  Path Type:              Min at Fast Process Corner
  Data Path Delay:        2.225ns  (logic 1.416ns (63.653%)  route 0.809ns (36.347%))
  Logic Levels:           2  (LUT6=1 OBUF=1)
  Clock Uncertainty:      0.025ns  ((TSJ^2 + TIJ^2)^1/2 + DJ) / 2 + PE
    Total System Jitter     (TSJ):    0.050ns
    Total Input Jitter      (TIJ):    0.000ns
    Discrete Jitter          (DJ):    0.000ns
    Phase Error              (PE):    0.000ns

    Location             Delay type                Incr(ns)  Path(ns)    Netlist Resource(s)
  -------------------------------------------------------------------    -------------------
                         (clock sys_clk_pin rise edge)
                                                      0.000     0.000 r  <hidden>
    W5                                                0.000     0.000 r  i_clk
                         net (fo=0)                   0.000     0.000    i_clk
    W5                   IBUF (Prop_ibuf_I_O)         0.226     0.226 r  i_clk_IBUF_inst/O
                         net (fo=1, routed)           0.631     0.858    i_clk_IBUF
    BUFGCTRL_X0Y0        BUFG (Prop_bufg_I_O)         0.026     0.884 r  i_clk_IBUF_BUFG_inst/O
                         net (fo=22, routed)          0.592     1.475    i_clk_IBUF_BUFG
    SLICE_X2Y12          FDRE                                         r  opt_reg[5]/C
  -------------------------------------------------------------------    -------------------
    SLICE_X2Y12          FDRE (Prop_fdre_C_Q)         0.164     1.639 r  opt_reg[5]/Q
                         net (fo=14, routed)          0.251     1.890    opt_reg_n_0_[5]
    SLICE_X5Y12          LUT6 (Prop_lut6_I4_O)        0.045     1.935 r  o_leds_OBUF[6]_inst_i_1/O
                         net (fo=2, routed)           0.558     2.493    o_leds_OBUF[6]
    U14                  OBUF (Prop_obuf_I_O)         1.207     3.700 r  o_leds_OBUF[6]_inst/O
                         net (fo=0)                   0.000     3.700    o_leds[6]
    U14                                                               r  o_leds[6]
  -------------------------------------------------------------------    -------------------

Slack:                    inf
  Source:                 opt_reg[5]/C
                            (rising edge-triggered cell FDRE clocked by sys_clk_pin  {rise@0.000ns fall@5.000ns period=10.000ns})
  Destination:            o_leds[7]
                            (output port)
  Path Group:             (none)
  Path Type:              Min at Fast Process Corner
  Data Path Delay:        2.238ns  (logic 1.411ns (63.045%)  route 0.827ns (36.955%))
  Logic Levels:           2  (LUT6=1 OBUF=1)
  Clock Uncertainty:      0.025ns  ((TSJ^2 + TIJ^2)^1/2 + DJ) / 2 + PE
    Total System Jitter     (TSJ):    0.050ns
    Total Input Jitter      (TIJ):    0.000ns
    Discrete Jitter          (DJ):    0.000ns
    Phase Error              (PE):    0.000ns

    Location             Delay type                Incr(ns)  Path(ns)    Netlist Resource(s)
  -------------------------------------------------------------------    -------------------
                         (clock sys_clk_pin rise edge)
                                                      0.000     0.000 r  <hidden>
    W5                                                0.000     0.000 r  i_clk
                         net (fo=0)                   0.000     0.000    i_clk
    W5                   IBUF (Prop_ibuf_I_O)         0.226     0.226 r  i_clk_IBUF_inst/O
                         net (fo=1, routed)           0.631     0.858    i_clk_IBUF
    BUFGCTRL_X0Y0        BUFG (Prop_bufg_I_O)         0.026     0.884 r  i_clk_IBUF_BUFG_inst/O
                         net (fo=22, routed)          0.592     1.475    i_clk_IBUF_BUFG
    SLICE_X2Y12          FDRE                                         r  opt_reg[5]/C
  -------------------------------------------------------------------    -------------------
    SLICE_X2Y12          FDRE (Prop_fdre_C_Q)         0.164     1.639 r  opt_reg[5]/Q
                         net (fo=14, routed)          0.277     1.916    opt_reg_n_0_[5]
    SLICE_X5Y11          LUT6 (Prop_lut6_I3_O)        0.045     1.961 r  o_leds_OBUF[7]_inst_i_1/O
                         net (fo=2, routed)           0.550     2.511    o_leds_OBUF[7]
    V14                  OBUF (Prop_obuf_I_O)         1.202     3.713 r  o_leds_OBUF[7]_inst/O
                         net (fo=0)                   0.000     3.713    o_leds[7]
    V14                                                               r  o_leds[7]
  -------------------------------------------------------------------    -------------------

Slack:                    inf
  Source:                 opt_reg[3]/C
                            (rising edge-triggered cell FDRE clocked by sys_clk_pin  {rise@0.000ns fall@5.000ns period=10.000ns})
  Destination:            o_leds[1]
                            (output port)
  Path Group:             (none)
  Path Type:              Min at Fast Process Corner
  Data Path Delay:        2.251ns  (logic 1.417ns (62.946%)  route 0.834ns (37.054%))
  Logic Levels:           2  (LUT6=1 OBUF=1)
  Clock Uncertainty:      0.025ns  ((TSJ^2 + TIJ^2)^1/2 + DJ) / 2 + PE
    Total System Jitter     (TSJ):    0.050ns
    Total Input Jitter      (TIJ):    0.000ns
    Discrete Jitter          (DJ):    0.000ns
    Phase Error              (PE):    0.000ns

    Location             Delay type                Incr(ns)  Path(ns)    Netlist Resource(s)
  -------------------------------------------------------------------    -------------------
                         (clock sys_clk_pin rise edge)
                                                      0.000     0.000 r  <hidden>
    W5                                                0.000     0.000 r  i_clk
                         net (fo=0)                   0.000     0.000    i_clk
    W5                   IBUF (Prop_ibuf_I_O)         0.226     0.226 r  i_clk_IBUF_inst/O
                         net (fo=1, routed)           0.631     0.858    i_clk_IBUF
    BUFGCTRL_X0Y0        BUFG (Prop_bufg_I_O)         0.026     0.884 r  i_clk_IBUF_BUFG_inst/O
                         net (fo=22, routed)          0.592     1.475    i_clk_IBUF_BUFG
    SLICE_X3Y12          FDRE                                         r  opt_reg[3]/C
  -------------------------------------------------------------------    -------------------
    SLICE_X3Y12          FDRE (Prop_fdre_C_Q)         0.141     1.616 f  opt_reg[3]/Q
                         net (fo=7, routed)           0.126     1.742    opt_reg_n_0_[3]
    SLICE_X0Y11          LUT6 (Prop_lut6_I1_O)        0.045     1.787 r  o_leds_OBUF[1]_inst_i_1/O
                         net (fo=2, routed)           0.708     2.495    o_leds_OBUF[1]
    E19                  OBUF (Prop_obuf_I_O)         1.231     3.726 r  o_leds_OBUF[1]_inst/O
                         net (fo=0)                   0.000     3.726    o_leds[1]
    E19                                                               r  o_leds[1]
  -------------------------------------------------------------------    -------------------

Slack:                    inf
  Source:                 opt_reg[5]/C
                            (rising edge-triggered cell FDRE clocked by sys_clk_pin  {rise@0.000ns fall@5.000ns period=10.000ns})
  Destination:            o_leds[5]
                            (output port)
  Path Group:             (none)
  Path Type:              Min at Fast Process Corner
  Data Path Delay:        2.264ns  (logic 1.425ns (62.915%)  route 0.840ns (37.085%))
  Logic Levels:           2  (LUT6=1 OBUF=1)
  Clock Uncertainty:      0.025ns  ((TSJ^2 + TIJ^2)^1/2 + DJ) / 2 + PE
    Total System Jitter     (TSJ):    0.050ns
    Total Input Jitter      (TIJ):    0.000ns
    Discrete Jitter          (DJ):    0.000ns
    Phase Error              (PE):    0.000ns

    Location             Delay type                Incr(ns)  Path(ns)    Netlist Resource(s)
  -------------------------------------------------------------------    -------------------
                         (clock sys_clk_pin rise edge)
                                                      0.000     0.000 r  <hidden>
    W5                                                0.000     0.000 r  i_clk
                         net (fo=0)                   0.000     0.000    i_clk
    W5                   IBUF (Prop_ibuf_I_O)         0.226     0.226 r  i_clk_IBUF_inst/O
                         net (fo=1, routed)           0.631     0.858    i_clk_IBUF
    BUFGCTRL_X0Y0        BUFG (Prop_bufg_I_O)         0.026     0.884 r  i_clk_IBUF_BUFG_inst/O
                         net (fo=22, routed)          0.592     1.475    i_clk_IBUF_BUFG
    SLICE_X2Y12          FDRE                                         r  opt_reg[5]/C
  -------------------------------------------------------------------    -------------------
    SLICE_X2Y12          FDRE (Prop_fdre_C_Q)         0.164     1.639 r  opt_reg[5]/Q
                         net (fo=14, routed)          0.405     2.044    opt_reg_n_0_[5]
    SLICE_X4Y10          LUT6 (Prop_lut6_I2_O)        0.045     2.089 r  o_leds_OBUF[5]_inst_i_1/O
                         net (fo=2, routed)           0.435     2.524    o_leds_OBUF[5]
    U15                  OBUF (Prop_obuf_I_O)         1.216     3.739 r  o_leds_OBUF[5]_inst/O
                         net (fo=0)                   0.000     3.739    o_leds[5]
    U15                                                               r  o_leds[5]
  -------------------------------------------------------------------    -------------------

Slack:                    inf
  Source:                 opt_reg[1]/C
                            (rising edge-triggered cell FDRE clocked by sys_clk_pin  {rise@0.000ns fall@5.000ns period=10.000ns})
  Destination:            o_overflow
                            (output port)
  Path Group:             (none)
  Path Type:              Min at Fast Process Corner
  Data Path Delay:        3.314ns  (logic 1.402ns (42.318%)  route 1.912ns (57.682%))
  Logic Levels:           2  (LUT6=1 OBUF=1)
  Clock Uncertainty:      0.025ns  ((TSJ^2 + TIJ^2)^1/2 + DJ) / 2 + PE
    Total System Jitter     (TSJ):    0.050ns
    Total Input Jitter      (TIJ):    0.000ns
    Discrete Jitter          (DJ):    0.000ns
    Phase Error              (PE):    0.000ns

    Location             Delay type                Incr(ns)  Path(ns)    Netlist Resource(s)
  -------------------------------------------------------------------    -------------------
                         (clock sys_clk_pin rise edge)
                                                      0.000     0.000 r  <hidden>
    W5                                                0.000     0.000 r  i_clk
                         net (fo=0)                   0.000     0.000    i_clk
    W5                   IBUF (Prop_ibuf_I_O)         0.226     0.226 r  i_clk_IBUF_inst/O
                         net (fo=1, routed)           0.631     0.858    i_clk_IBUF
    BUFGCTRL_X0Y0        BUFG (Prop_bufg_I_O)         0.026     0.884 r  i_clk_IBUF_BUFG_inst/O
                         net (fo=22, routed)          0.592     1.475    i_clk_IBUF_BUFG
    SLICE_X3Y12          FDRE                                         r  opt_reg[1]/C
  -------------------------------------------------------------------    -------------------
    SLICE_X3Y12          FDRE (Prop_fdre_C_Q)         0.141     1.616 r  opt_reg[1]/Q
                         net (fo=22, routed)          0.257     1.873    opt_reg_n_0_[1]
    SLICE_X5Y11          LUT6 (Prop_lut6_I4_O)        0.045     1.918 r  o_overflow_OBUF_inst_i_1/O
                         net (fo=1, routed)           1.655     3.573    o_overflow_OBUF
    P1                   OBUF (Prop_obuf_I_O)         1.216     4.789 r  o_overflow_OBUF_inst/O
                         net (fo=0)                   0.000     4.789    o_overflow
    P1                                                                r  o_overflow
  -------------------------------------------------------------------    -------------------

Slack:                    inf
  Source:                 opt_reg[3]/C
                            (rising edge-triggered cell FDRE clocked by sys_clk_pin  {rise@0.000ns fall@5.000ns period=10.000ns})
  Destination:            o_zero
                            (output port)
  Path Group:             (none)
  Path Type:              Min at Fast Process Corner
  Data Path Delay:        3.740ns  (logic 1.453ns (38.859%)  route 2.287ns (61.141%))
  Logic Levels:           3  (LUT5=1 LUT6=1 OBUF=1)
  Clock Uncertainty:      0.025ns  ((TSJ^2 + TIJ^2)^1/2 + DJ) / 2 + PE
    Total System Jitter     (TSJ):    0.050ns
    Total Input Jitter      (TIJ):    0.000ns
    Discrete Jitter          (DJ):    0.000ns
    Phase Error              (PE):    0.000ns

    Location             Delay type                Incr(ns)  Path(ns)    Netlist Resource(s)
  -------------------------------------------------------------------    -------------------
                         (clock sys_clk_pin rise edge)
                                                      0.000     0.000 r  <hidden>
    W5                                                0.000     0.000 r  i_clk
                         net (fo=0)                   0.000     0.000    i_clk
    W5                   IBUF (Prop_ibuf_I_O)         0.226     0.226 r  i_clk_IBUF_inst/O
                         net (fo=1, routed)           0.631     0.858    i_clk_IBUF
    BUFGCTRL_X0Y0        BUFG (Prop_bufg_I_O)         0.026     0.884 r  i_clk_IBUF_BUFG_inst/O
                         net (fo=22, routed)          0.592     1.475    i_clk_IBUF_BUFG
    SLICE_X3Y12          FDRE                                         r  opt_reg[3]/C
  -------------------------------------------------------------------    -------------------
    SLICE_X3Y12          FDRE (Prop_fdre_C_Q)         0.141     1.616 r  opt_reg[3]/Q
                         net (fo=7, routed)           0.126     1.742    opt_reg_n_0_[3]
    SLICE_X0Y11          LUT6 (Prop_lut6_I1_O)        0.045     1.787 f  o_leds_OBUF[1]_inst_i_1/O
                         net (fo=2, routed)           0.234     2.021    o_leds_OBUF[1]
    SLICE_X0Y11          LUT5 (Prop_lut5_I3_O)        0.045     2.066 r  o_zero_OBUF_inst_i_1/O
                         net (fo=1, routed)           1.927     3.993    o_zero_OBUF
    L1                   OBUF (Prop_obuf_I_O)         1.222     5.215 r  o_zero_OBUF_inst/O
                         net (fo=0)                   0.000     5.215    o_zero
    L1                                                                r  o_zero
  -------------------------------------------------------------------    -------------------





--------------------------------------------------------------------------------------
Path Group:  (none)
From Clock:  
  To Clock:  sys_clk_pin

Max Delay            66 Endpoints
Min Delay            66 Endpoints
--------------------------------------------------------------------------------------


Max Delay Paths
--------------------------------------------------------------------------------------
Slack:                    inf
  Source:                 i_button_1
                            (input port)
  Destination:            dato_B_reg[1]/CE
                            (rising edge-triggered cell FDRE clocked by sys_clk_pin  {rise@0.000ns fall@5.000ns period=10.000ns})
  Path Group:             (none)
  Path Type:              Setup (Max at Slow Process Corner)
  Data Path Delay:        3.487ns  (logic 1.575ns (45.177%)  route 1.912ns (54.823%))
  Logic Levels:           2  (IBUF=1 LUT2=1)
  Clock Path Skew:        4.857ns (DCD - SCD + CPR)
    Destination Clock Delay (DCD):    4.857ns
    Source Clock Delay      (SCD):    0.000ns
    Clock Pessimism Removal (CPR):    0.000ns
  Clock Uncertainty:      0.025ns  ((TSJ^2 + TIJ^2)^1/2 + DJ) / 2 + PE
    Total System Jitter     (TSJ):    0.050ns
    Total Input Jitter      (TIJ):    0.000ns
    Discrete Jitter          (DJ):    0.000ns
    Phase Error              (PE):    0.000ns

    Location             Delay type                Incr(ns)  Path(ns)    Netlist Resource(s)
  -------------------------------------------------------------------    -------------------
    W19                                               0.000     0.000 f  i_button_1
                         net (fo=0)                   0.000     0.000    i_button_1
    W19                  IBUF (Prop_ibuf_I_O)         1.451     1.451 f  i_button_1_IBUF_inst/O
                         net (fo=10, routed)          1.270     2.721    i_button_1_IBUF
    SLICE_X0Y14          LUT2 (Prop_lut2_I1_O)        0.124     2.845 r  dato_B[7]_i_1/O
                         net (fo=8, routed)           0.642     3.487    dato_B[7]_i_1_n_0
    SLICE_X3Y11          FDRE                                         r  dato_B_reg[1]/CE
  -------------------------------------------------------------------    -------------------

                         (clock sys_clk_pin rise edge)
                                                      0.000     0.000 r  <hidden>
    W5                                                0.000     0.000 r  i_clk
                         net (fo=0)                   0.000     0.000    i_clk
    W5                   IBUF (Prop_ibuf_I_O)         1.388     1.388 r  i_clk_IBUF_inst/O
                         net (fo=1, routed)           1.862     3.250    i_clk_IBUF
    BUFGCTRL_X0Y0        BUFG (Prop_bufg_I_O)         0.091     3.341 r  i_clk_IBUF_BUFG_inst/O
                         net (fo=22, routed)          1.516     4.857    i_clk_IBUF_BUFG
    SLICE_X3Y11          FDRE                                         r  dato_B_reg[1]/C

Slack:                    inf
  Source:                 i_button_1
                            (input port)
  Destination:            dato_B_reg[3]/CE
                            (rising edge-triggered cell FDRE clocked by sys_clk_pin  {rise@0.000ns fall@5.000ns period=10.000ns})
  Path Group:             (none)
  Path Type:              Setup (Max at Slow Process Corner)
  Data Path Delay:        3.487ns  (logic 1.575ns (45.177%)  route 1.912ns (54.823%))
  Logic Levels:           2  (IBUF=1 LUT2=1)
  Clock Path Skew:        4.857ns (DCD - SCD + CPR)
    Destination Clock Delay (DCD):    4.857ns
    Source Clock Delay      (SCD):    0.000ns
    Clock Pessimism Removal (CPR):    0.000ns
  Clock Uncertainty:      0.025ns  ((TSJ^2 + TIJ^2)^1/2 + DJ) / 2 + PE
    Total System Jitter     (TSJ):    0.050ns
    Total Input Jitter      (TIJ):    0.000ns
    Discrete Jitter          (DJ):    0.000ns
    Phase Error              (PE):    0.000ns

    Location             Delay type                Incr(ns)  Path(ns)    Netlist Resource(s)
  -------------------------------------------------------------------    -------------------
    W19                                               0.000     0.000 f  i_button_1
                         net (fo=0)                   0.000     0.000    i_button_1
    W19                  IBUF (Prop_ibuf_I_O)         1.451     1.451 f  i_button_1_IBUF_inst/O
                         net (fo=10, routed)          1.270     2.721    i_button_1_IBUF
    SLICE_X0Y14          LUT2 (Prop_lut2_I1_O)        0.124     2.845 r  dato_B[7]_i_1/O
                         net (fo=8, routed)           0.642     3.487    dato_B[7]_i_1_n_0
    SLICE_X3Y11          FDRE                                         r  dato_B_reg[3]/CE
  -------------------------------------------------------------------    -------------------

                         (clock sys_clk_pin rise edge)
                                                      0.000     0.000 r  <hidden>
    W5                                                0.000     0.000 r  i_clk
                         net (fo=0)                   0.000     0.000    i_clk
    W5                   IBUF (Prop_ibuf_I_O)         1.388     1.388 r  i_clk_IBUF_inst/O
                         net (fo=1, routed)           1.862     3.250    i_clk_IBUF
    BUFGCTRL_X0Y0        BUFG (Prop_bufg_I_O)         0.091     3.341 r  i_clk_IBUF_BUFG_inst/O
                         net (fo=22, routed)          1.516     4.857    i_clk_IBUF_BUFG
    SLICE_X3Y11          FDRE                                         r  dato_B_reg[3]/C

Slack:                    inf
  Source:                 i_button_1
                            (input port)
  Destination:            dato_B_reg[5]/CE
                            (rising edge-triggered cell FDRE clocked by sys_clk_pin  {rise@0.000ns fall@5.000ns period=10.000ns})
  Path Group:             (none)
  Path Type:              Setup (Max at Slow Process Corner)
  Data Path Delay:        3.487ns  (logic 1.575ns (45.177%)  route 1.912ns (54.823%))
  Logic Levels:           2  (IBUF=1 LUT2=1)
  Clock Path Skew:        4.857ns (DCD - SCD + CPR)
    Destination Clock Delay (DCD):    4.857ns
    Source Clock Delay      (SCD):    0.000ns
    Clock Pessimism Removal (CPR):    0.000ns
  Clock Uncertainty:      0.025ns  ((TSJ^2 + TIJ^2)^1/2 + DJ) / 2 + PE
    Total System Jitter     (TSJ):    0.050ns
    Total Input Jitter      (TIJ):    0.000ns
    Discrete Jitter          (DJ):    0.000ns
    Phase Error              (PE):    0.000ns

    Location             Delay type                Incr(ns)  Path(ns)    Netlist Resource(s)
  -------------------------------------------------------------------    -------------------
    W19                                               0.000     0.000 f  i_button_1
                         net (fo=0)                   0.000     0.000    i_button_1
    W19                  IBUF (Prop_ibuf_I_O)         1.451     1.451 f  i_button_1_IBUF_inst/O
                         net (fo=10, routed)          1.270     2.721    i_button_1_IBUF
    SLICE_X0Y14          LUT2 (Prop_lut2_I1_O)        0.124     2.845 r  dato_B[7]_i_1/O
                         net (fo=8, routed)           0.642     3.487    dato_B[7]_i_1_n_0
    SLICE_X3Y11          FDRE                                         r  dato_B_reg[5]/CE
  -------------------------------------------------------------------    -------------------

                         (clock sys_clk_pin rise edge)
                                                      0.000     0.000 r  <hidden>
    W5                                                0.000     0.000 r  i_clk
                         net (fo=0)                   0.000     0.000    i_clk
    W5                   IBUF (Prop_ibuf_I_O)         1.388     1.388 r  i_clk_IBUF_inst/O
                         net (fo=1, routed)           1.862     3.250    i_clk_IBUF
    BUFGCTRL_X0Y0        BUFG (Prop_bufg_I_O)         0.091     3.341 r  i_clk_IBUF_BUFG_inst/O
                         net (fo=22, routed)          1.516     4.857    i_clk_IBUF_BUFG
    SLICE_X3Y11          FDRE                                         r  dato_B_reg[5]/C

Slack:                    inf
  Source:                 i_button_1
                            (input port)
  Destination:            dato_B_reg[6]/CE
                            (rising edge-triggered cell FDRE clocked by sys_clk_pin  {rise@0.000ns fall@5.000ns period=10.000ns})
  Path Group:             (none)
  Path Type:              Setup (Max at Slow Process Corner)
  Data Path Delay:        3.487ns  (logic 1.575ns (45.177%)  route 1.912ns (54.823%))
  Logic Levels:           2  (IBUF=1 LUT2=1)
  Clock Path Skew:        4.857ns (DCD - SCD + CPR)
    Destination Clock Delay (DCD):    4.857ns
    Source Clock Delay      (SCD):    0.000ns
    Clock Pessimism Removal (CPR):    0.000ns
  Clock Uncertainty:      0.025ns  ((TSJ^2 + TIJ^2)^1/2 + DJ) / 2 + PE
    Total System Jitter     (TSJ):    0.050ns
    Total Input Jitter      (TIJ):    0.000ns
    Discrete Jitter          (DJ):    0.000ns
    Phase Error              (PE):    0.000ns

    Location             Delay type                Incr(ns)  Path(ns)    Netlist Resource(s)
  -------------------------------------------------------------------    -------------------
    W19                                               0.000     0.000 f  i_button_1
                         net (fo=0)                   0.000     0.000    i_button_1
    W19                  IBUF (Prop_ibuf_I_O)         1.451     1.451 f  i_button_1_IBUF_inst/O
                         net (fo=10, routed)          1.270     2.721    i_button_1_IBUF
    SLICE_X0Y14          LUT2 (Prop_lut2_I1_O)        0.124     2.845 r  dato_B[7]_i_1/O
                         net (fo=8, routed)           0.642     3.487    dato_B[7]_i_1_n_0
    SLICE_X3Y11          FDRE                                         r  dato_B_reg[6]/CE
  -------------------------------------------------------------------    -------------------

                         (clock sys_clk_pin rise edge)
                                                      0.000     0.000 r  <hidden>
    W5                                                0.000     0.000 r  i_clk
                         net (fo=0)                   0.000     0.000    i_clk
    W5                   IBUF (Prop_ibuf_I_O)         1.388     1.388 r  i_clk_IBUF_inst/O
                         net (fo=1, routed)           1.862     3.250    i_clk_IBUF
    BUFGCTRL_X0Y0        BUFG (Prop_bufg_I_O)         0.091     3.341 r  i_clk_IBUF_BUFG_inst/O
                         net (fo=22, routed)          1.516     4.857    i_clk_IBUF_BUFG
    SLICE_X3Y11          FDRE                                         r  dato_B_reg[6]/C

Slack:                    inf
  Source:                 i_button_3
                            (input port)
  Destination:            opt_reg[0]/CE
                            (rising edge-triggered cell FDRE clocked by sys_clk_pin  {rise@0.000ns fall@5.000ns period=10.000ns})
  Path Group:             (none)
  Path Type:              Setup (Max at Slow Process Corner)
  Data Path Delay:        3.431ns  (logic 1.575ns (45.912%)  route 1.856ns (54.088%))
  Logic Levels:           2  (IBUF=1 LUT3=1)
  Clock Path Skew:        4.856ns (DCD - SCD + CPR)
    Destination Clock Delay (DCD):    4.856ns
    Source Clock Delay      (SCD):    0.000ns
    Clock Pessimism Removal (CPR):    0.000ns
  Clock Uncertainty:      0.025ns  ((TSJ^2 + TIJ^2)^1/2 + DJ) / 2 + PE
    Total System Jitter     (TSJ):    0.050ns
    Total Input Jitter      (TIJ):    0.000ns
    Discrete Jitter          (DJ):    0.000ns
    Phase Error              (PE):    0.000ns

    Location             Delay type                Incr(ns)  Path(ns)    Netlist Resource(s)
  -------------------------------------------------------------------    -------------------
    T17                                               0.000     0.000 r  i_button_3
                         net (fo=0)                   0.000     0.000    i_button_3
    T17                  IBUF (Prop_ibuf_I_O)         1.451     1.451 r  i_button_3_IBUF_inst/O
                         net (fo=1, routed)           1.379     2.831    i_button_3_IBUF
    SLICE_X0Y14          LUT3 (Prop_lut3_I1_O)        0.124     2.955 r  opt[5]_i_1/O
                         net (fo=6, routed)           0.476     3.431    opt[5]_i_1_n_0
    SLICE_X2Y12          FDRE                                         r  opt_reg[0]/CE
  -------------------------------------------------------------------    -------------------

                         (clock sys_clk_pin rise edge)
                                                      0.000     0.000 r  <hidden>
    W5                                                0.000     0.000 r  i_clk
                         net (fo=0)                   0.000     0.000    i_clk
    W5                   IBUF (Prop_ibuf_I_O)         1.388     1.388 r  i_clk_IBUF_inst/O
                         net (fo=1, routed)           1.862     3.250    i_clk_IBUF
    BUFGCTRL_X0Y0        BUFG (Prop_bufg_I_O)         0.091     3.341 r  i_clk_IBUF_BUFG_inst/O
                         net (fo=22, routed)          1.515     4.856    i_clk_IBUF_BUFG
    SLICE_X2Y12          FDRE                                         r  opt_reg[0]/C

Slack:                    inf
  Source:                 i_button_3
                            (input port)
  Destination:            opt_reg[1]/CE
                            (rising edge-triggered cell FDRE clocked by sys_clk_pin  {rise@0.000ns fall@5.000ns period=10.000ns})
  Path Group:             (none)
  Path Type:              Setup (Max at Slow Process Corner)
  Data Path Delay:        3.431ns  (logic 1.575ns (45.912%)  route 1.856ns (54.088%))
  Logic Levels:           2  (IBUF=1 LUT3=1)
  Clock Path Skew:        4.856ns (DCD - SCD + CPR)
    Destination Clock Delay (DCD):    4.856ns
    Source Clock Delay      (SCD):    0.000ns
    Clock Pessimism Removal (CPR):    0.000ns
  Clock Uncertainty:      0.025ns  ((TSJ^2 + TIJ^2)^1/2 + DJ) / 2 + PE
    Total System Jitter     (TSJ):    0.050ns
    Total Input Jitter      (TIJ):    0.000ns
    Discrete Jitter          (DJ):    0.000ns
    Phase Error              (PE):    0.000ns

    Location             Delay type                Incr(ns)  Path(ns)    Netlist Resource(s)
  -------------------------------------------------------------------    -------------------
    T17                                               0.000     0.000 r  i_button_3
                         net (fo=0)                   0.000     0.000    i_button_3
    T17                  IBUF (Prop_ibuf_I_O)         1.451     1.451 r  i_button_3_IBUF_inst/O
                         net (fo=1, routed)           1.379     2.831    i_button_3_IBUF
    SLICE_X0Y14          LUT3 (Prop_lut3_I1_O)        0.124     2.955 r  opt[5]_i_1/O
                         net (fo=6, routed)           0.476     3.431    opt[5]_i_1_n_0
    SLICE_X3Y12          FDRE                                         r  opt_reg[1]/CE
  -------------------------------------------------------------------    -------------------

                         (clock sys_clk_pin rise edge)
                                                      0.000     0.000 r  <hidden>
    W5                                                0.000     0.000 r  i_clk
                         net (fo=0)                   0.000     0.000    i_clk
    W5                   IBUF (Prop_ibuf_I_O)         1.388     1.388 r  i_clk_IBUF_inst/O
                         net (fo=1, routed)           1.862     3.250    i_clk_IBUF
    BUFGCTRL_X0Y0        BUFG (Prop_bufg_I_O)         0.091     3.341 r  i_clk_IBUF_BUFG_inst/O
                         net (fo=22, routed)          1.515     4.856    i_clk_IBUF_BUFG
    SLICE_X3Y12          FDRE                                         r  opt_reg[1]/C

Slack:                    inf
  Source:                 i_button_3
                            (input port)
  Destination:            opt_reg[2]/CE
                            (rising edge-triggered cell FDRE clocked by sys_clk_pin  {rise@0.000ns fall@5.000ns period=10.000ns})
  Path Group:             (none)
  Path Type:              Setup (Max at Slow Process Corner)
  Data Path Delay:        3.431ns  (logic 1.575ns (45.912%)  route 1.856ns (54.088%))
  Logic Levels:           2  (IBUF=1 LUT3=1)
  Clock Path Skew:        4.856ns (DCD - SCD + CPR)
    Destination Clock Delay (DCD):    4.856ns
    Source Clock Delay      (SCD):    0.000ns
    Clock Pessimism Removal (CPR):    0.000ns
  Clock Uncertainty:      0.025ns  ((TSJ^2 + TIJ^2)^1/2 + DJ) / 2 + PE
    Total System Jitter     (TSJ):    0.050ns
    Total Input Jitter      (TIJ):    0.000ns
    Discrete Jitter          (DJ):    0.000ns
    Phase Error              (PE):    0.000ns

    Location             Delay type                Incr(ns)  Path(ns)    Netlist Resource(s)
  -------------------------------------------------------------------    -------------------
    T17                                               0.000     0.000 r  i_button_3
                         net (fo=0)                   0.000     0.000    i_button_3
    T17                  IBUF (Prop_ibuf_I_O)         1.451     1.451 r  i_button_3_IBUF_inst/O
                         net (fo=1, routed)           1.379     2.831    i_button_3_IBUF
    SLICE_X0Y14          LUT3 (Prop_lut3_I1_O)        0.124     2.955 r  opt[5]_i_1/O
                         net (fo=6, routed)           0.476     3.431    opt[5]_i_1_n_0
    SLICE_X2Y12          FDRE                                         r  opt_reg[2]/CE
  -------------------------------------------------------------------    -------------------

                         (clock sys_clk_pin rise edge)
                                                      0.000     0.000 r  <hidden>
    W5                                                0.000     0.000 r  i_clk
                         net (fo=0)                   0.000     0.000    i_clk
    W5                   IBUF (Prop_ibuf_I_O)         1.388     1.388 r  i_clk_IBUF_inst/O
                         net (fo=1, routed)           1.862     3.250    i_clk_IBUF
    BUFGCTRL_X0Y0        BUFG (Prop_bufg_I_O)         0.091     3.341 r  i_clk_IBUF_BUFG_inst/O
                         net (fo=22, routed)          1.515     4.856    i_clk_IBUF_BUFG
    SLICE_X2Y12          FDRE                                         r  opt_reg[2]/C

Slack:                    inf
  Source:                 i_button_3
                            (input port)
  Destination:            opt_reg[3]/CE
                            (rising edge-triggered cell FDRE clocked by sys_clk_pin  {rise@0.000ns fall@5.000ns period=10.000ns})
  Path Group:             (none)
  Path Type:              Setup (Max at Slow Process Corner)
  Data Path Delay:        3.431ns  (logic 1.575ns (45.912%)  route 1.856ns (54.088%))
  Logic Levels:           2  (IBUF=1 LUT3=1)
  Clock Path Skew:        4.856ns (DCD - SCD + CPR)
    Destination Clock Delay (DCD):    4.856ns
    Source Clock Delay      (SCD):    0.000ns
    Clock Pessimism Removal (CPR):    0.000ns
  Clock Uncertainty:      0.025ns  ((TSJ^2 + TIJ^2)^1/2 + DJ) / 2 + PE
    Total System Jitter     (TSJ):    0.050ns
    Total Input Jitter      (TIJ):    0.000ns
    Discrete Jitter          (DJ):    0.000ns
    Phase Error              (PE):    0.000ns

    Location             Delay type                Incr(ns)  Path(ns)    Netlist Resource(s)
  -------------------------------------------------------------------    -------------------
    T17                                               0.000     0.000 r  i_button_3
                         net (fo=0)                   0.000     0.000    i_button_3
    T17                  IBUF (Prop_ibuf_I_O)         1.451     1.451 r  i_button_3_IBUF_inst/O
                         net (fo=1, routed)           1.379     2.831    i_button_3_IBUF
    SLICE_X0Y14          LUT3 (Prop_lut3_I1_O)        0.124     2.955 r  opt[5]_i_1/O
                         net (fo=6, routed)           0.476     3.431    opt[5]_i_1_n_0
    SLICE_X3Y12          FDRE                                         r  opt_reg[3]/CE
  -------------------------------------------------------------------    -------------------

                         (clock sys_clk_pin rise edge)
                                                      0.000     0.000 r  <hidden>
    W5                                                0.000     0.000 r  i_clk
                         net (fo=0)                   0.000     0.000    i_clk
    W5                   IBUF (Prop_ibuf_I_O)         1.388     1.388 r  i_clk_IBUF_inst/O
                         net (fo=1, routed)           1.862     3.250    i_clk_IBUF
    BUFGCTRL_X0Y0        BUFG (Prop_bufg_I_O)         0.091     3.341 r  i_clk_IBUF_BUFG_inst/O
                         net (fo=22, routed)          1.515     4.856    i_clk_IBUF_BUFG
    SLICE_X3Y12          FDRE                                         r  opt_reg[3]/C

Slack:                    inf
  Source:                 i_button_3
                            (input port)
  Destination:            opt_reg[4]/CE
                            (rising edge-triggered cell FDRE clocked by sys_clk_pin  {rise@0.000ns fall@5.000ns period=10.000ns})
  Path Group:             (none)
  Path Type:              Setup (Max at Slow Process Corner)
  Data Path Delay:        3.431ns  (logic 1.575ns (45.912%)  route 1.856ns (54.088%))
  Logic Levels:           2  (IBUF=1 LUT3=1)
  Clock Path Skew:        4.856ns (DCD - SCD + CPR)
    Destination Clock Delay (DCD):    4.856ns
    Source Clock Delay      (SCD):    0.000ns
    Clock Pessimism Removal (CPR):    0.000ns
  Clock Uncertainty:      0.025ns  ((TSJ^2 + TIJ^2)^1/2 + DJ) / 2 + PE
    Total System Jitter     (TSJ):    0.050ns
    Total Input Jitter      (TIJ):    0.000ns
    Discrete Jitter          (DJ):    0.000ns
    Phase Error              (PE):    0.000ns

    Location             Delay type                Incr(ns)  Path(ns)    Netlist Resource(s)
  -------------------------------------------------------------------    -------------------
    T17                                               0.000     0.000 r  i_button_3
                         net (fo=0)                   0.000     0.000    i_button_3
    T17                  IBUF (Prop_ibuf_I_O)         1.451     1.451 r  i_button_3_IBUF_inst/O
                         net (fo=1, routed)           1.379     2.831    i_button_3_IBUF
    SLICE_X0Y14          LUT3 (Prop_lut3_I1_O)        0.124     2.955 r  opt[5]_i_1/O
                         net (fo=6, routed)           0.476     3.431    opt[5]_i_1_n_0
    SLICE_X2Y12          FDRE                                         r  opt_reg[4]/CE
  -------------------------------------------------------------------    -------------------

                         (clock sys_clk_pin rise edge)
                                                      0.000     0.000 r  <hidden>
    W5                                                0.000     0.000 r  i_clk
                         net (fo=0)                   0.000     0.000    i_clk
    W5                   IBUF (Prop_ibuf_I_O)         1.388     1.388 r  i_clk_IBUF_inst/O
                         net (fo=1, routed)           1.862     3.250    i_clk_IBUF
    BUFGCTRL_X0Y0        BUFG (Prop_bufg_I_O)         0.091     3.341 r  i_clk_IBUF_BUFG_inst/O
                         net (fo=22, routed)          1.515     4.856    i_clk_IBUF_BUFG
    SLICE_X2Y12          FDRE                                         r  opt_reg[4]/C

Slack:                    inf
  Source:                 i_button_3
                            (input port)
  Destination:            opt_reg[5]/CE
                            (rising edge-triggered cell FDRE clocked by sys_clk_pin  {rise@0.000ns fall@5.000ns period=10.000ns})
  Path Group:             (none)
  Path Type:              Setup (Max at Slow Process Corner)
  Data Path Delay:        3.431ns  (logic 1.575ns (45.912%)  route 1.856ns (54.088%))
  Logic Levels:           2  (IBUF=1 LUT3=1)
  Clock Path Skew:        4.856ns (DCD - SCD + CPR)
    Destination Clock Delay (DCD):    4.856ns
    Source Clock Delay      (SCD):    0.000ns
    Clock Pessimism Removal (CPR):    0.000ns
  Clock Uncertainty:      0.025ns  ((TSJ^2 + TIJ^2)^1/2 + DJ) / 2 + PE
    Total System Jitter     (TSJ):    0.050ns
    Total Input Jitter      (TIJ):    0.000ns
    Discrete Jitter          (DJ):    0.000ns
    Phase Error              (PE):    0.000ns

    Location             Delay type                Incr(ns)  Path(ns)    Netlist Resource(s)
  -------------------------------------------------------------------    -------------------
    T17                                               0.000     0.000 r  i_button_3
                         net (fo=0)                   0.000     0.000    i_button_3
    T17                  IBUF (Prop_ibuf_I_O)         1.451     1.451 r  i_button_3_IBUF_inst/O
                         net (fo=1, routed)           1.379     2.831    i_button_3_IBUF
    SLICE_X0Y14          LUT3 (Prop_lut3_I1_O)        0.124     2.955 r  opt[5]_i_1/O
                         net (fo=6, routed)           0.476     3.431    opt[5]_i_1_n_0
    SLICE_X2Y12          FDRE                                         r  opt_reg[5]/CE
  -------------------------------------------------------------------    -------------------

                         (clock sys_clk_pin rise edge)
                                                      0.000     0.000 r  <hidden>
    W5                                                0.000     0.000 r  i_clk
                         net (fo=0)                   0.000     0.000    i_clk
    W5                   IBUF (Prop_ibuf_I_O)         1.388     1.388 r  i_clk_IBUF_inst/O
                         net (fo=1, routed)           1.862     3.250    i_clk_IBUF
    BUFGCTRL_X0Y0        BUFG (Prop_bufg_I_O)         0.091     3.341 r  i_clk_IBUF_BUFG_inst/O
                         net (fo=22, routed)          1.515     4.856    i_clk_IBUF_BUFG
    SLICE_X2Y12          FDRE                                         r  opt_reg[5]/C





Min Delay Paths
--------------------------------------------------------------------------------------
Slack:                    inf
  Source:                 i_switch[0]
                            (input port)
  Destination:            dato_B_reg[0]/D
                            (rising edge-triggered cell FDRE clocked by sys_clk_pin  {rise@0.000ns fall@5.000ns period=10.000ns})
  Path Group:             (none)
  Path Type:              Hold (Min at Fast Process Corner)
  Data Path Delay:        0.529ns  (logic 0.221ns (41.806%)  route 0.308ns (58.194%))
  Logic Levels:           1  (IBUF=1)
  Clock Path Skew:        1.991ns (DCD - SCD - CPR)
    Destination Clock Delay (DCD):    1.991ns
    Source Clock Delay      (SCD):    0.000ns
    Clock Pessimism Removal (CPR):    -0.000ns

    Location             Delay type                Incr(ns)  Path(ns)    Netlist Resource(s)
  -------------------------------------------------------------------    -------------------
    V17                                               0.000     0.000 r  i_switch[0]
                         net (fo=0)                   0.000     0.000    i_switch[0]
    V17                  IBUF (Prop_ibuf_I_O)         0.221     0.221 r  i_switch_IBUF[0]_inst/O
                         net (fo=3, routed)           0.308     0.529    i_switch_IBUF[0]
    SLICE_X1Y11          FDRE                                         r  dato_B_reg[0]/D
  -------------------------------------------------------------------    -------------------

                         (clock sys_clk_pin rise edge)
                                                      0.000     0.000 r  <hidden>
    W5                                                0.000     0.000 r  i_clk
                         net (fo=0)                   0.000     0.000    i_clk
    W5                   IBUF (Prop_ibuf_I_O)         0.414     0.414 r  i_clk_IBUF_inst/O
                         net (fo=1, routed)           0.685     1.099    i_clk_IBUF
    BUFGCTRL_X0Y0        BUFG (Prop_bufg_I_O)         0.029     1.128 r  i_clk_IBUF_BUFG_inst/O
                         net (fo=22, routed)          0.864     1.991    i_clk_IBUF_BUFG
    SLICE_X1Y11          FDRE                                         r  dato_B_reg[0]/C

Slack:                    inf
  Source:                 i_switch[5]
                            (input port)
  Destination:            dato_B_reg[5]/D
                            (rising edge-triggered cell FDRE clocked by sys_clk_pin  {rise@0.000ns fall@5.000ns period=10.000ns})
  Path Group:             (none)
  Path Type:              Hold (Min at Fast Process Corner)
  Data Path Delay:        0.630ns  (logic 0.234ns (37.154%)  route 0.396ns (62.846%))
  Logic Levels:           1  (IBUF=1)
  Clock Path Skew:        1.991ns (DCD - SCD - CPR)
    Destination Clock Delay (DCD):    1.991ns
    Source Clock Delay      (SCD):    0.000ns
    Clock Pessimism Removal (CPR):    -0.000ns

    Location             Delay type                Incr(ns)  Path(ns)    Netlist Resource(s)
  -------------------------------------------------------------------    -------------------
    V15                                               0.000     0.000 r  i_switch[5]
                         net (fo=0)                   0.000     0.000    i_switch[5]
    V15                  IBUF (Prop_ibuf_I_O)         0.234     0.234 r  i_switch_IBUF[5]_inst/O
                         net (fo=3, routed)           0.396     0.630    i_switch_IBUF[5]
    SLICE_X3Y11          FDRE                                         r  dato_B_reg[5]/D
  -------------------------------------------------------------------    -------------------

                         (clock sys_clk_pin rise edge)
                                                      0.000     0.000 r  <hidden>
    W5                                                0.000     0.000 r  i_clk
                         net (fo=0)                   0.000     0.000    i_clk
    W5                   IBUF (Prop_ibuf_I_O)         0.414     0.414 r  i_clk_IBUF_inst/O
                         net (fo=1, routed)           0.685     1.099    i_clk_IBUF
    BUFGCTRL_X0Y0        BUFG (Prop_bufg_I_O)         0.029     1.128 r  i_clk_IBUF_BUFG_inst/O
                         net (fo=22, routed)          0.864     1.991    i_clk_IBUF_BUFG
    SLICE_X3Y11          FDRE                                         r  dato_B_reg[5]/C

Slack:                    inf
  Source:                 i_reset
                            (input port)
  Destination:            dato_A_reg[4]/R
                            (rising edge-triggered cell FDRE clocked by sys_clk_pin  {rise@0.000ns fall@5.000ns period=10.000ns})
  Path Group:             (none)
  Path Type:              Hold (Min at Fast Process Corner)
  Data Path Delay:        0.632ns  (logic 0.221ns (34.899%)  route 0.411ns (65.101%))
  Logic Levels:           1  (IBUF=1)
  Clock Path Skew:        1.988ns (DCD - SCD - CPR)
    Destination Clock Delay (DCD):    1.988ns
    Source Clock Delay      (SCD):    0.000ns
    Clock Pessimism Removal (CPR):    -0.000ns

    Location             Delay type                Incr(ns)  Path(ns)    Netlist Resource(s)
  -------------------------------------------------------------------    -------------------
    U17                                               0.000     0.000 r  i_reset
                         net (fo=0)                   0.000     0.000    i_reset
    U17                  IBUF (Prop_ibuf_I_O)         0.221     0.221 r  i_reset_IBUF_inst/O
                         net (fo=22, routed)          0.411     0.632    i_reset_IBUF
    SLICE_X2Y13          FDRE                                         r  dato_A_reg[4]/R
  -------------------------------------------------------------------    -------------------

                         (clock sys_clk_pin rise edge)
                                                      0.000     0.000 r  <hidden>
    W5                                                0.000     0.000 r  i_clk
                         net (fo=0)                   0.000     0.000    i_clk
    W5                   IBUF (Prop_ibuf_I_O)         0.414     0.414 r  i_clk_IBUF_inst/O
                         net (fo=1, routed)           0.685     1.099    i_clk_IBUF
    BUFGCTRL_X0Y0        BUFG (Prop_bufg_I_O)         0.029     1.128 r  i_clk_IBUF_BUFG_inst/O
                         net (fo=22, routed)          0.861     1.988    i_clk_IBUF_BUFG
    SLICE_X2Y13          FDRE                                         r  dato_A_reg[4]/C

Slack:                    inf
  Source:                 i_reset
                            (input port)
  Destination:            dato_A_reg[5]/R
                            (rising edge-triggered cell FDRE clocked by sys_clk_pin  {rise@0.000ns fall@5.000ns period=10.000ns})
  Path Group:             (none)
  Path Type:              Hold (Min at Fast Process Corner)
  Data Path Delay:        0.632ns  (logic 0.221ns (34.899%)  route 0.411ns (65.101%))
  Logic Levels:           1  (IBUF=1)
  Clock Path Skew:        1.988ns (DCD - SCD - CPR)
    Destination Clock Delay (DCD):    1.988ns
    Source Clock Delay      (SCD):    0.000ns
    Clock Pessimism Removal (CPR):    -0.000ns

    Location             Delay type                Incr(ns)  Path(ns)    Netlist Resource(s)
  -------------------------------------------------------------------    -------------------
    U17                                               0.000     0.000 r  i_reset
                         net (fo=0)                   0.000     0.000    i_reset
    U17                  IBUF (Prop_ibuf_I_O)         0.221     0.221 r  i_reset_IBUF_inst/O
                         net (fo=22, routed)          0.411     0.632    i_reset_IBUF
    SLICE_X2Y13          FDRE                                         r  dato_A_reg[5]/R
  -------------------------------------------------------------------    -------------------

                         (clock sys_clk_pin rise edge)
                                                      0.000     0.000 r  <hidden>
    W5                                                0.000     0.000 r  i_clk
                         net (fo=0)                   0.000     0.000    i_clk
    W5                   IBUF (Prop_ibuf_I_O)         0.414     0.414 r  i_clk_IBUF_inst/O
                         net (fo=1, routed)           0.685     1.099    i_clk_IBUF
    BUFGCTRL_X0Y0        BUFG (Prop_bufg_I_O)         0.029     1.128 r  i_clk_IBUF_BUFG_inst/O
                         net (fo=22, routed)          0.861     1.988    i_clk_IBUF_BUFG
    SLICE_X2Y13          FDRE                                         r  dato_A_reg[5]/C

Slack:                    inf
  Source:                 i_reset
                            (input port)
  Destination:            dato_A_reg[7]/R
                            (rising edge-triggered cell FDRE clocked by sys_clk_pin  {rise@0.000ns fall@5.000ns period=10.000ns})
  Path Group:             (none)
  Path Type:              Hold (Min at Fast Process Corner)
  Data Path Delay:        0.632ns  (logic 0.221ns (34.899%)  route 0.411ns (65.101%))
  Logic Levels:           1  (IBUF=1)
  Clock Path Skew:        1.988ns (DCD - SCD - CPR)
    Destination Clock Delay (DCD):    1.988ns
    Source Clock Delay      (SCD):    0.000ns
    Clock Pessimism Removal (CPR):    -0.000ns

    Location             Delay type                Incr(ns)  Path(ns)    Netlist Resource(s)
  -------------------------------------------------------------------    -------------------
    U17                                               0.000     0.000 r  i_reset
                         net (fo=0)                   0.000     0.000    i_reset
    U17                  IBUF (Prop_ibuf_I_O)         0.221     0.221 r  i_reset_IBUF_inst/O
                         net (fo=22, routed)          0.411     0.632    i_reset_IBUF
    SLICE_X2Y13          FDRE                                         r  dato_A_reg[7]/R
  -------------------------------------------------------------------    -------------------

                         (clock sys_clk_pin rise edge)
                                                      0.000     0.000 r  <hidden>
    W5                                                0.000     0.000 r  i_clk
                         net (fo=0)                   0.000     0.000    i_clk
    W5                   IBUF (Prop_ibuf_I_O)         0.414     0.414 r  i_clk_IBUF_inst/O
                         net (fo=1, routed)           0.685     1.099    i_clk_IBUF
    BUFGCTRL_X0Y0        BUFG (Prop_bufg_I_O)         0.029     1.128 r  i_clk_IBUF_BUFG_inst/O
                         net (fo=22, routed)          0.861     1.988    i_clk_IBUF_BUFG
    SLICE_X2Y13          FDRE                                         r  dato_A_reg[7]/C

Slack:                    inf
  Source:                 i_reset
                            (input port)
  Destination:            dato_B_reg[4]/R
                            (rising edge-triggered cell FDRE clocked by sys_clk_pin  {rise@0.000ns fall@5.000ns period=10.000ns})
  Path Group:             (none)
  Path Type:              Hold (Min at Fast Process Corner)
  Data Path Delay:        0.632ns  (logic 0.221ns (34.899%)  route 0.411ns (65.101%))
  Logic Levels:           1  (IBUF=1)
  Clock Path Skew:        1.988ns (DCD - SCD - CPR)
    Destination Clock Delay (DCD):    1.988ns
    Source Clock Delay      (SCD):    0.000ns
    Clock Pessimism Removal (CPR):    -0.000ns

    Location             Delay type                Incr(ns)  Path(ns)    Netlist Resource(s)
  -------------------------------------------------------------------    -------------------
    U17                                               0.000     0.000 r  i_reset
                         net (fo=0)                   0.000     0.000    i_reset
    U17                  IBUF (Prop_ibuf_I_O)         0.221     0.221 r  i_reset_IBUF_inst/O
                         net (fo=22, routed)          0.411     0.632    i_reset_IBUF
    SLICE_X3Y13          FDRE                                         r  dato_B_reg[4]/R
  -------------------------------------------------------------------    -------------------

                         (clock sys_clk_pin rise edge)
                                                      0.000     0.000 r  <hidden>
    W5                                                0.000     0.000 r  i_clk
                         net (fo=0)                   0.000     0.000    i_clk
    W5                   IBUF (Prop_ibuf_I_O)         0.414     0.414 r  i_clk_IBUF_inst/O
                         net (fo=1, routed)           0.685     1.099    i_clk_IBUF
    BUFGCTRL_X0Y0        BUFG (Prop_bufg_I_O)         0.029     1.128 r  i_clk_IBUF_BUFG_inst/O
                         net (fo=22, routed)          0.861     1.988    i_clk_IBUF_BUFG
    SLICE_X3Y13          FDRE                                         r  dato_B_reg[4]/C

Slack:                    inf
  Source:                 i_reset
                            (input port)
  Destination:            dato_B_reg[7]/R
                            (rising edge-triggered cell FDRE clocked by sys_clk_pin  {rise@0.000ns fall@5.000ns period=10.000ns})
  Path Group:             (none)
  Path Type:              Hold (Min at Fast Process Corner)
  Data Path Delay:        0.632ns  (logic 0.221ns (34.899%)  route 0.411ns (65.101%))
  Logic Levels:           1  (IBUF=1)
  Clock Path Skew:        1.988ns (DCD - SCD - CPR)
    Destination Clock Delay (DCD):    1.988ns
    Source Clock Delay      (SCD):    0.000ns
    Clock Pessimism Removal (CPR):    -0.000ns

    Location             Delay type                Incr(ns)  Path(ns)    Netlist Resource(s)
  -------------------------------------------------------------------    -------------------
    U17                                               0.000     0.000 r  i_reset
                         net (fo=0)                   0.000     0.000    i_reset
    U17                  IBUF (Prop_ibuf_I_O)         0.221     0.221 r  i_reset_IBUF_inst/O
                         net (fo=22, routed)          0.411     0.632    i_reset_IBUF
    SLICE_X3Y13          FDRE                                         r  dato_B_reg[7]/R
  -------------------------------------------------------------------    -------------------

                         (clock sys_clk_pin rise edge)
                                                      0.000     0.000 r  <hidden>
    W5                                                0.000     0.000 r  i_clk
                         net (fo=0)                   0.000     0.000    i_clk
    W5                   IBUF (Prop_ibuf_I_O)         0.414     0.414 r  i_clk_IBUF_inst/O
                         net (fo=1, routed)           0.685     1.099    i_clk_IBUF
    BUFGCTRL_X0Y0        BUFG (Prop_bufg_I_O)         0.029     1.128 r  i_clk_IBUF_BUFG_inst/O
                         net (fo=22, routed)          0.861     1.988    i_clk_IBUF_BUFG
    SLICE_X3Y13          FDRE                                         r  dato_B_reg[7]/C

Slack:                    inf
  Source:                 i_switch[1]
                            (input port)
  Destination:            opt_reg[1]/D
                            (rising edge-triggered cell FDRE clocked by sys_clk_pin  {rise@0.000ns fall@5.000ns period=10.000ns})
  Path Group:             (none)
  Path Type:              Hold (Min at Fast Process Corner)
  Data Path Delay:        0.659ns  (logic 0.229ns (34.780%)  route 0.430ns (65.220%))
  Logic Levels:           1  (IBUF=1)
  Clock Path Skew:        1.989ns (DCD - SCD - CPR)
    Destination Clock Delay (DCD):    1.989ns
    Source Clock Delay      (SCD):    0.000ns
    Clock Pessimism Removal (CPR):    -0.000ns

    Location             Delay type                Incr(ns)  Path(ns)    Netlist Resource(s)
  -------------------------------------------------------------------    -------------------
    V16                                               0.000     0.000 r  i_switch[1]
                         net (fo=0)                   0.000     0.000    i_switch[1]
    V16                  IBUF (Prop_ibuf_I_O)         0.229     0.229 r  i_switch_IBUF[1]_inst/O
                         net (fo=3, routed)           0.430     0.659    i_switch_IBUF[1]
    SLICE_X3Y12          FDRE                                         r  opt_reg[1]/D
  -------------------------------------------------------------------    -------------------

                         (clock sys_clk_pin rise edge)
                                                      0.000     0.000 r  <hidden>
    W5                                                0.000     0.000 r  i_clk
                         net (fo=0)                   0.000     0.000    i_clk
    W5                   IBUF (Prop_ibuf_I_O)         0.414     0.414 r  i_clk_IBUF_inst/O
                         net (fo=1, routed)           0.685     1.099    i_clk_IBUF
    BUFGCTRL_X0Y0        BUFG (Prop_bufg_I_O)         0.029     1.128 r  i_clk_IBUF_BUFG_inst/O
                         net (fo=22, routed)          0.862     1.989    i_clk_IBUF_BUFG
    SLICE_X3Y12          FDRE                                         r  opt_reg[1]/C

Slack:                    inf
  Source:                 i_switch[0]
                            (input port)
  Destination:            dato_A_reg[0]/D
                            (rising edge-triggered cell FDRE clocked by sys_clk_pin  {rise@0.000ns fall@5.000ns period=10.000ns})
  Path Group:             (none)
  Path Type:              Hold (Min at Fast Process Corner)
  Data Path Delay:        0.667ns  (logic 0.221ns (33.105%)  route 0.446ns (66.895%))
  Logic Levels:           1  (IBUF=1)
  Clock Path Skew:        1.991ns (DCD - SCD - CPR)
    Destination Clock Delay (DCD):    1.991ns
    Source Clock Delay      (SCD):    0.000ns
    Clock Pessimism Removal (CPR):    -0.000ns

    Location             Delay type                Incr(ns)  Path(ns)    Netlist Resource(s)
  -------------------------------------------------------------------    -------------------
    V17                                               0.000     0.000 r  i_switch[0]
                         net (fo=0)                   0.000     0.000    i_switch[0]
    V17                  IBUF (Prop_ibuf_I_O)         0.221     0.221 r  i_switch_IBUF[0]_inst/O
                         net (fo=3, routed)           0.446     0.667    i_switch_IBUF[0]
    SLICE_X2Y11          FDRE                                         r  dato_A_reg[0]/D
  -------------------------------------------------------------------    -------------------

                         (clock sys_clk_pin rise edge)
                                                      0.000     0.000 r  <hidden>
    W5                                                0.000     0.000 r  i_clk
                         net (fo=0)                   0.000     0.000    i_clk
    W5                   IBUF (Prop_ibuf_I_O)         0.414     0.414 r  i_clk_IBUF_inst/O
                         net (fo=1, routed)           0.685     1.099    i_clk_IBUF
    BUFGCTRL_X0Y0        BUFG (Prop_bufg_I_O)         0.029     1.128 r  i_clk_IBUF_BUFG_inst/O
                         net (fo=22, routed)          0.864     1.991    i_clk_IBUF_BUFG
    SLICE_X2Y11          FDRE                                         r  dato_A_reg[0]/C

Slack:                    inf
  Source:                 i_switch[2]
                            (input port)
  Destination:            dato_B_reg[2]/D
                            (rising edge-triggered cell FDRE clocked by sys_clk_pin  {rise@0.000ns fall@5.000ns period=10.000ns})
  Path Group:             (none)
  Path Type:              Hold (Min at Fast Process Corner)
  Data Path Delay:        0.677ns  (logic 0.232ns (34.242%)  route 0.445ns (65.758%))
  Logic Levels:           1  (IBUF=1)
  Clock Path Skew:        1.991ns (DCD - SCD - CPR)
    Destination Clock Delay (DCD):    1.991ns
    Source Clock Delay      (SCD):    0.000ns
    Clock Pessimism Removal (CPR):    -0.000ns

    Location             Delay type                Incr(ns)  Path(ns)    Netlist Resource(s)
  -------------------------------------------------------------------    -------------------
    W16                                               0.000     0.000 r  i_switch[2]
                         net (fo=0)                   0.000     0.000    i_switch[2]
    W16                  IBUF (Prop_ibuf_I_O)         0.232     0.232 r  i_switch_IBUF[2]_inst/O
                         net (fo=3, routed)           0.445     0.677    i_switch_IBUF[2]
    SLICE_X1Y11          FDRE                                         r  dato_B_reg[2]/D
  -------------------------------------------------------------------    -------------------

                         (clock sys_clk_pin rise edge)
                                                      0.000     0.000 r  <hidden>
    W5                                                0.000     0.000 r  i_clk
                         net (fo=0)                   0.000     0.000    i_clk
    W5                   IBUF (Prop_ibuf_I_O)         0.414     0.414 r  i_clk_IBUF_inst/O
                         net (fo=1, routed)           0.685     1.099    i_clk_IBUF
    BUFGCTRL_X0Y0        BUFG (Prop_bufg_I_O)         0.029     1.128 r  i_clk_IBUF_BUFG_inst/O
                         net (fo=22, routed)          0.864     1.991    i_clk_IBUF_BUFG
    SLICE_X1Y11          FDRE                                         r  dato_B_reg[2]/C





